Product_name,Product_ID
"""קליק"" חום לבן 5.5 ק""ג (ורד הגליל)",101084
"""קליק"" חום לבן ארוז 1 ק""ג בד""צ חתם סופר פ""ת 6 ק""ג בקרטון",104245
350 TIPO כוס נייר ליוגורט בינוני מודפס בי פרש - 60 בשרוול 1200 בקרטון,104067
350 TIPO כוס נייר ליוגורט לבנה - 60 בשרוול 1200 בקרטון,102494
350 TIPO כוס נייר ליוגורט מודפס ג'ט לק - 60 בשרוול 1200 בקרטון,103037
350 TIPO כוס נייר ליוגורט מודפס ג'לה / ג'לטו קלסיקו - 60 בשרוול 1200 בקרטון,104184
350 TIPO כוס נייר ליוגורט מודפס ג'לטו בוטיק - 60 בשרוול 1200 בקרטון,102924
350 TIPO כוס נייר ליוגורט סוויט יוגורט (אטדגי) - 60 בשרוול 1200 בקרטון,103964
350 TIPO כוס נייר ליוגורט פרוזן בית שאן (אדומה)- 60 בשרוול 1200 בקרטון,103925
450 TIPO כוס נייר ליוגורט גדול מודפס בי פרש 57 בשרוול 1140 בקרטון,104068
450 TIPO כוס נייר ליוגורט לבנה  - 57 בשרוול 1140 בקרטון,102572
450 TIPO כוס נייר ליוגורט מודפס אייס בר 57 בשרוול 1140 בקרטון,102379
"450 TIPO כוס נייר ליוגורט מודפס ג'ט לק - 480 סמ""ק - 57 בשרוול 1140 בקרטון",103038
450 TIPO כוס נייר ליוגורט מודפס ג'לה / ג'לטו קלסיקו בר 57 בשרוול 1140 בקרטון,104185
Crema ai frutti di bosco קרם וריגטו פירות יער 5 קג,104256
Crema al caramello קרם וריגטו טופי 5 קג,104252
Crema al lemone קרם וריגטו לימון 5 קג,104254
Crema all'arancia קרם וריגטו תפוז 5 קג,104251
Crema di fragola קרם וריגטו תות 5 קג,104253
Crema di pistachio קרם וריגטו פיסטוק 5 קג,104255
Crema di rosmarino קרם וריגטו רוזמרי 5 קג,104257
"CREMA LATTE E NOCCIOLE  ציפוי קרם צ'יארה  5 קג בד""ץ",102998
ISO 5- קלקר גלידה 1500 גרם- 100 יח גלידה באר שבע,102659
LA CIOCOLATO CALDO ציפוי מתקשה לגלידה / שוקולד חם חלבי 5 קג בדץ,102999
NOCCIOLOTTA  ציפוי קרם שוקולד חלב 5 קג,102256
NOCCIOLOTTA BIANCA  קרם שוקולד לבן 1.25 קג 12 יח בקרטון,102634
NOCCIOLOTTA BIANCA ציפוי קרם שוקולד לבן 5 קג,102255
"TIPO 130 כוס נייר ליוגורט מודפס ג'ט לק - 200 סמ""ק 67 בשרוול 2010 בקרטון",103036
TIPO 130 כוס נייר ליוגורט קטן מודפס בי פרש 67- בשרוול 2010 בקרטון,104066
אבן מלח לניקוי פלטה - קרמפיוז,101125
"אבני ירח 1 ק""ג",101431
"אבקה להכנת בייגלה פרצל  10.88 ק""ג כשר רבנות",103855
"אבקה לוופל בלגי 1 ק""ג (10 יח בקרטון) 40 קרטונים במשטח",200042
"אבקה לסחלב 1 ק""ג - עדה חרדית - חלבי 10 קג בקרטון",100108
אבקה לקרפ גורמה-8 שק' בקרטון 50 קרטונים במשטח,200001
אבקה לקרפ גנריק - י.כהן - שקית צהובה 40 קרטונים במשטח,100322
אבקה לקרפ גנריק - מתוק וטעים - מדבקה אדומה 40 קרטונים במשטח,100162
"אבקה לקרפ כשרה לפסח 12 ק""ג - כשרות רבנות",200041
אבקת בסיס בטעם וניל 800 גרם 10 יח' בקרטון - בי פרש (נמכר בקרטון סגור),104293
"אבקת גבינת צ'דר ארוז 1 ק""ג - פרצל (נמכר תמיד בזוגות 2 ק""ג)",104323
"אבקת גלוקוזה - 25 ק""ג",101549
אבקת חלב 25 קג שק  עד 1.5% שומן,102553
אבקת חלבון בננה 2.3 קג,102670
"אבקת חלבון וניל 2.3 ק""ג",102220
אבקת חלבון קרם עוגיות 2.3 קג,102669
"אבקת סודה לשתיה 1 ק""ג 15 ק""ג בקרטון",103871
"אבקת סוכר 1 ק""ג",100060
"אבקת סורביטול 25 ק""ג",102876
אבקת עלי מורינגה אורגני 500 גרם שקית בי פרש,102343
"אבקת פנקייק 1 ק""ג פרווה - 12 יח' בקרטון בד""צ העדה החרדית 40 קרטונים במשטח",200031
אבקת קוקוס,102222
אבקת קורנפלור 1 קג,102570
"אבקת קינמון 1 ק""ג 10 קג בקרטון",200038
"אבקת קקאו - שק - 25 ק""ג 20-22",101641
"אבקת קקאו 20-22%  1 ק""ג  בד""ץ חתם סופר פ""ת",100840
"אבקת קקאו טבעי 1 ק""ג בי פרש",102345
"אבקת שום 1 ק""ג בדץ עדה חרדית 10 ק""ג בקרטון",103851
"אבקת שוקו 1 ק""ג",100233
אבקת תה ירוק אורגני מאצ'ה 500 גרם - בי פרש,102705
"אגוזי מלך 1 ק""ג - גרוס",100119
"אגוזי מלך 1 ק""ג שלם",100781
"אוכמניות כחולות קפוא בד""צ חתם סופר פ""ת ארוז 2 ק""ג 5 שקיות בקרטון",103987
"אוכמניות שחורות קפוא בד""צ חתם סופר פ""ת ארוז 2 ק""ג 5 שקיות בקרטון",103267
אחסנה משטח לפי חיוב חודשי,102885
"איטריות קדאיף שבורות ארוז 5 ק""ג",104296
"אייס אגוזים (קינדר) בד""ץ",102181
אייס בננה,100057
"אייס ונילה - בקרטון 10 ק""ג",100056
"אייס ונילה בד""צ י.כהן - 10 ק""ג בקרטון",100166
"אייס לימונענע נוזלי טיבעי 1 ק""ג נוזלי 6 יחי בקרטון - חתם סופר",104063
"אייס נענע לימון נוזלי 1 ק""ג 12 יח' בקרטון",100740
"אייס פסיפלורה בד""צ 1 - באבקה",100738
"אייס פסיפלורה טיבעי 1 ק""ג נוזלי 12 יחי בקרטון",100171
"אייס פסיפלורה טיבעי 1 ק""ג נוזלי 6 יחי בקרטון - חתם סופר",104062
"אייס קפה 1 ק""ג - שקית שחורה בקרטון 10 ק""ג",100055
"אייס קפה בד""צ י.כהן",100426
אייס קפה לייט,100472
"אייס תות - נוזלי 1 ק""ג 12 יח' בקרטון",100169
"אייס תות טיבעי 1 ק""ג נוזלי 6 יחי בקרטון - חתם סופר",104064
"אלומיניום מוסדי רחב 45 ס""מ",100275
אלכוג'ל 0.5 ליטר,104379
אננס חתוך A-10 בדץ חתם סופר פתח תקווה,100751
אסאי קפוא 400 גרם (ארוז 16 יח' בקרטון),104111
"אפרסק פלחים קפוא בד""צ חתם סופר פ""ת ארוז 2 ק""ג 5 שקיות בקרטון",103266
אקונומיקה 4 ליטר,200035
אקונומיקה ריחנית,100262
"ארומה קרם חלב (אבקה) 1 ק""ג 10 ק""ג בקרטון - 14804 (BABBI (Milk & Cream 10-12",104363
ארון גביעים איטלקי,101555
ארון גביעים איטלקי מסתובב שבשבת 6 תאים,102325
ארון פרספקט מהודר לגביעי וופל,100435
אשפתון ברזל שחור75/90DL  (25 יחידות בגליל) 30 גלילים בקרטון,100151
אשפתון כתום שרוך 80*90 (25 יחידות בגליל/20 גלילים בקרטון),100146
בובת ליצן עם כפית להגשת גלידה 50 יח' בקרטון,103009
בוחשן כפית- 1000 יחידות,100341
בוחשן קפה כפית 2000 יח,100255
"בוטנים גרוסים קלויים 1 ק""ג 6 יח' בקרטון",200013
"בייגלה  מצופה שוקולד חלב 2 ק""ג -  חתם סופר",104340
"בייגלה מצופה שוקולד לבן 2 ק""ג - חתם סופר",104353
בייגלה שמיניות מלוח 300 גרם 12 חבילות בקרטון,104003
ביסקוויט חצי ירח מצופה תירוש 600 גרם  ארוז 6 יח' 360 קרטונים במשטח .,102983
"ביסקויט אוראו 2 ק""ג בד""ץ עדה חרדית",102469
בלוני גז - למיכל קצפת 24 יח - 25 חבילות בקרטון,100066
בסיס אוכמניות קפוא - רשת בילאמאיה,104265
בסיס בוטנים קפוא - רשת בילאמאיה,103147
בסיס ביסקוויט קפוא - רשת בילאמאיה,103167
בסיס בננה קפוא - רשת בילאמאיה,103175
"בסיס גלידה אמריקאית וניל 5 ק""ג - גלידיס",103114
"בסיס גלידה אמריקאית וניל פרווה 5  ק""ג - גלידיס",104057
"בסיס גלידה אמריקאית שוקולד פרווה 5  ק""ג - גלידיס",104056
בסיס גרניטה לימון - רשת בילאמאיה,104270
בסיס גרניטה שקדים - רשת בילאמאיה,104271
בסיס הברגה לצנטר קצפת - מתאם,100623
בסיס וניל קפוא - רשת בילאמאיה,103160
בסיס זעפרן קפוא - רשת בילאמאיה,103169
בסיס טרמיסו קפוא - רשת בילאמאיה,103143
"בסיס יוגורט 5  ק""ג - גלידיס",103092
"בסיס יוגורט ללא סוכר 5 ק""ג - BIO",103929
בסיס יוגורט קפוא - רשת בילאמאיה,103144
בסיס לוטוס קפוא - רשת בילאמאיה,103148
בסיס לימון קפוא - רשת בילאמאיה,103170
בסיס מנגו קפוא - רשת בילאמאיה,103137
בסיס מנדרינה קפוא - רשת בילאמאיה,103174
בסיס מסקרפונה קפוא - רשת בילאמאיה,103152
בסיס נוגט קפוא - רשת בילאמאיה,103142
בסיס נוצ'ולה קפוא - רשת בילאמאיה,103153
"בסיס סורבה 5 ק""ג - גלידיס",103090
בסיס ערמונים קפוא - רשת בילאמאיה,104272
בסיס פטל קפוא - רשת בילאמאיה,103166
בסיס פיסטוק קפוא - רשת בילאמאיה,103139
בסיס פירות יער קפוא - רשת בילאמאיה,103146
בסיס פסיפלורה קפוא - רשת בילאמאיה,103162
בסיס קוקוס קפוא - רשת בילאמאיה,103151
בסיס קינמון קפוא - רשת בילאמאיה,103140
בסיס קסטה סיציליאנית קפוא - רשת בילאמאיה,103173
בסיס קפה קפוא - רשת בילאמאיה,103171
בסיס קרם עשיר קפוא - רשת בילאמאיה,103164
בסיס קרמה קפוא - רשת בילאמאיה,103141
בסיס קרמל קפוא - רשת בילאמאיה,103165
בסיס ריקוטה קפוא - רשת בילאמאיה,103149
בסיס שוקולד מריר קפוא - רשת בילאמאיה,103161
בסיס שוקולד קפוא - רשת בילאמאיה,103163
"בסיס שמנת וניל 5 ק""ג - גלידיס",103088
"בסיס שמנת ללא סוכר 5 ק""ג - גלידיס",103091
"בסיס שמנת שוקולד 5 ק""ג - גלידיס",103089
בסיס שקדים קפוא - רשת בילאמאיה,103168
בסיס תאנים קפוא - רשת בילאמאיה,104267
בסיס תות 1 קג 5 יחי בקרטון,104398
בסיס תות קפוא - רשת בילאמאיה,103145
"בסיס תות שדה פרימיום 4 ק""ג",102955
בסיס תפוח קפוא - רשת בילאמאיה,103172
בסקטה לגלידה איטלקית צרה עמוקה 360x165x120,100590
בסקטה לגלידה איטלקית צרה שטוחה 80*165*360,102204
בסקטה לגלידה איטלקית רחבה עמוקה 360x250x120,101086
בסקטה לגלידה איטלקית רחבה שטוחה 360x250x40,101621
בסקטה לגלידה איטלקית רחבה שטוחה 360x250x80,101087
בסקטה לגלידה חד פעמית 360x165x120 - יח' 32 בקרטון,101319
בסקטה לגלידה חד פעמית צרה עמוקה  דמוי מתכת 90 יח בקרטון  360x165x120,103293
בסקטה לגלידה חד פעמית צרה עמוקה אפור- ייבוא 90 יח בקרטון  360x165x120,103295
בסקטה לגלידה חד פעמית רחבה שטוחה  דמוי מתכת 100 יח בקרטון  360x250x80,103292
בסקטה קטנה לגלידה חד פעמית צרה עמוקה  דמוי מתכת 174 יח בקרטון,103692
בקבוק לחיץ 3 פתחים - 16 אוז = 0.5 ליטר,102789
בקבוק לחיץ 3 פתחים - 24 אוז = 0.7 ליטר,102790
בקבוק לחיץ 3 פתחים - 32 אוז = 1 ליטר,102791
בקבוק פלסטיק לחיץ- 0.5 ליטר,100071
בקבוק פלסטיק לחיץ- 0.6 ליטר,102037
בקבוק פלסטיק לחיץ- 0.75 ליטר,100819
בקבוק פלסטיק לחיץ 1 ליטר,100372
בראוניס שוקולד 380 גרם 8 יח'-מכירה בקרטון סגור,101434
"בראל קמח רב תכליתי 10 ק""ג כשל""פ - פרצל",103949
ברזלית לניקוי 30 גרם 12 יח' במארז,102550
גביע 323 לבן ליוגורט 200 סמק 960 יח' בקרטון,101620
גביע 324 לבן ליוגורט 265 סמק 920 יח בקרטון,101591
גביע 326 לבן ליוגורט 300 סמק 1012 יח בקרטון,101592
גביע 330 - דגם 633 - יהלום מתרחבת 350 - 50 יח' 1000 יח בקרטון,100324
גביע אמריקאי בסיס שטוח 256 יח' בקרטון,102484
גביע וופל 2 כדורים 180 יח' שפה ישרה,102272
גביע וופל בינוני -דגם יורו 210 יח' בקר' (YOGO),102048
גביע וופל גדול - דגם 200 240 יח' בקר' (YOGO),102047
גביע וופל דמוי אוראו ארוך 210 יח' בקרטון,103946
גביע וופל כדור 1 דמוי אוראו 500 יח' בקרטון,104010
גביע וופל כדור אחד 460 יח' שפה ישרה,102270
גביע וופל כדור אחד ארוך 320 יח' שפה ישרה,102271
גביע וופל כדור אחד מאורך - 252,100567
גביע וופל כדור אחד קטן שפה ישרה 500 יח',103989
גביע וופל ללא גלוטן - 12 יח' בקר',103329
גביע וופל מגולגל קטן לא משרוול כדור אחד 483 יח' (YOGO),102574
גביע וופל מגולגל קטן משרוול כדור אחד 420 יח',102573
גביע וופל מקסימו כדור אחד ארוך 270 יח' (YOGO),102049
גביע וופל משונן 2 כדורים 252 יח',102275
גביע וופל משונן 3 כדורים 240 יח',102276
גביע וופל משונן כדור 1 קצר - 480 יח',102273
גביע וופל משונן כדור אחד ארוך 380 יח',102274
גביע וופל קטן ללא גלוטן 460 יח' בקרטון,104009
גביע וופל שבור-(5470),100596
גביע לרוטב + מכסה מחובר 1 אוז 50 יח בשרוול 1000 יח בקרטון JLB1,101584
גביע לרוטב + מכסה מחובר 2 אוז 50 יח 1000 בקרטון JLB2,101585
גביע לרוטב 100 cc ארוז 100 יח' בשרוול 1000 יח' בקרטון FT154-100,104391
גביע לרוטב 2 אוז 200 יח' בשרוול,100967
גביע לרוטב 2.5 אוז- 250 יח' בשרוול 2500 יח' בקרטון,100733
גביע לרוטב נטורל 1.5 אוז - 250 יח בשרוול,100499
גביע לרוטב נטורל 4 אוז - 200 יח' בשרוול 3000 יח בקרטון,100865
גביע לרוטב נטורל 5.5 אוז 2500 יח בקרטון 125 יח בשרוול,102237
"גביע מיני לטעימות 216 יח' - 12 חב' בקרטון סה""כ 2592 יח'",102277
"גביע מיקרו בר 20 סמ""ק + מכסה מחובר 2700 יח בקרטון - גלידה באר שבע",102689
גביע משונן צר כדור אחד ארוך - 325 יחי,102633
גביע פרס חדש 900 יח' בקרטון,102483
גביע קינוחים 612 - 880 יח' בקרטון PP,102301
"גוג'יברי 1 ק""ג",102141
גומי לצורות/ צנרת למכשיר קצפת,100622
גומי לצורות/צנרת פרח למכשיר קצפת,100621
גומיה מרכזית למכשיר קצפת מוסה,100620
ג'ומקס מיץ אננס 100% בקבוק ליטר בי פרש,102450
ג'ומקס נקטר מנגו בקבוק ליטר בי פרש,102451
ג'ומקס/ספרינג נקטר אפרסק בקבוק ליטר בי פרש,102452
גוף חימום,101691
"גלוסה ציפוי שחור BABBI - בדלי 3 ק""ג- 4 יחידות בקרטון (Glosa fondente) - 12833",103786
גלופות,102727
"גלזורה קרה לשימור פירות 5 ק""ג",101480
"גלידה אמריקאית שוקולד 5 ק""ג - גלידיס",103115
"גלידה אספרסו ופאדג' שוקולד בד""צ 5 ליטר - נסטלה",104038
גלידה בהזמנה מיוחדת למסעדות - וניליה - צריך לייצר,103904
"גלידה בננה 5 בד""צ ליטר - נסטלה",103244
"גלידה וניל בד""צ 5 ליטר - נסטלה",103246
"גלידה וניל גורמה בד""צ 5 ליטר - נסטלה",103247
"גלידה וניל דובדבן בד""צ 5 ליטר - נסטלה",104144
"גלידה וניל פרווה בד""צ 5 ליטר - נסטלה",103265
"גלידה טופי קרמל ואגוזים בד""צ 5 ליטר - נסטלה",104039
"גלידה טריפל שוקולד  בד""צ 5 ליטר - נסטלה",103837
"גלידה מסטיק 5 בד""צ ליטר - נסטלה",103278
"גלידה פונדט שוקולד בד""צ 5 ליטר - נסטלה",104155
"גלידה קרם עוגיות בד""צ 5 ליטר - נסטלה",104041
"גלידה ריבת חלב בד""צ 5 ליטר - נסטלה",103245
"גלידה תות בד""צ 5 ליטר - נסטלה",103248
גלידת אספרסו ESPRESSO - וניליה 1020,103750
גלידת באצ'ו 5 ליטר - בסקטה רחבה YOGO,103893
גלידת באצ'ו BACHIP - וניליה 1005,103742
גלידת בואנו סטייל 5 ליטר - בסקטה רחבה YOGO,103892
גלידת בזוקה 5 ליטר - בסקטה צרה YOGO,103895
גלידת בננה למסעדות - וניליה 6065,103842
גלידת גבינה פירורים דוקטור לק - בסקטה רחבה שטוחה 5 ליטר,104318
גלידת דובונים 5 ליטר - בסקטה צרה YOGO,104043
גלידת וניל דוקטור לק - בסקטה צרה עמוקה 5 ליטר,104303
גלידת וניל למסעדות - וניליה 6028,103801
גלידת וניל צרפתי 5 ליטר - בסקטה רחבה YOGO,103887
גלידת וניל צרפתי VANIL - וניליה 1048,103738
גלידת חלווה פיסטוק 5 ליטר - בסקטה צרה YOGO,104042
גלידת חלווה פיסטוק 5 ליטר - בסקטה רחבה YOGO,104045
גלידת חמאת בוטנים בננה PINUT BUTTER - וניליה 1033,103757
גלידת טחינה דוקטור לק - בסקטה צרה עמוקה 5 ליטר,104301
גלידת מסקרפונה פירות יער למסעדות - וניליה 6003,103825
גלידת מקופף הבננות דוקטור לק - בסקטה צרה עמוקה 5 ליטר,104313
גלידת מרשמלו 5 ליטר -  YOGO,104122
גלידת נוטלה דוקטור לק - בסקטה צרה עמוקה 5 ליטר,104310
גלידת נוצ'ולה דוקטור לק - בסקטה צרה עמוקה 5 ליטר,104302
גלידת סורבה דובדבן 5 ליטר - בסקטה צרה YOGO,104058
גלידת סורבה מנגו 5 ליטר - בסקטה צרה YOGO,103901
גלידת סורבה קוקוס 5 ליטר - בסקטה צרה YOGO,103900
גלידת סניקרס דוקטור לק - בסקטה רחבה שטוחה 5 ליטר,104320
גלידת עוגת פירורים  5 ליטר - בסקטה צרה YOGO,103889
גלידת פבלובה דוקטור לק - בסקטה רחבה שטוחה 5 ליטר,104317
גלידת פיסטוק FISTUK - וניליה 1008,103745
גלידת פיסטוק דוקטור לק - בסקטה צרה עמוקה 5 ליטר,104309
גלידת פיסטוק למסעדות - וניליה 6019,103827
גלידת פצפוצי שוקולד דוקטור לק - בסקטה צרה עמוקה 5 ליטר,104322
גלידת קופצ'ינו אספרסו דוקטור לק - בסקטה צרה עמוקה 5 ליטר,104315
גלידת קפה 5 ליטר - בסקטה צרה YOGO,103897
גלידת קרם עוגיות  5 ליטר - בסקטה רחבה YOGO,103888
גלידת קרם עוגיות דוקטור לק - בסקטה צרה עמוקה 5 ליטר,104311
גלידת קרם תות דוקטור לק - בסקטה צרה עמוקה 5 ליטר,104305
גלידת קרמל מלוח 5 ליטר - בסקטה צרה YOGO,103896
גלידת קרמל מלוח דוקטור לק - בסקטה צרה עמוקה 5 ליטר,104300
גלידת ריבת חלב דוקטור לק - בסקטה צרה עמוקה 5 ליטר,104308
גלידת שוקולד בלגי BELGI - וניליה 1007,103744
גלידת שוקולד בלגי דוקטור לק - בסקטה צרה עמוקה 5 ליטר,104314
גלידת שוקולד בלגי מסעדות - וניליה 6015,103803
גלידת שוקולד לבן מלוח למסעדות - וניליה 6012,103810
גלידת שוקולד קלאסי 5 ליטר - בסקטה צרה YOGO,103894
גלידת שוקולד קלאסי KLASI - וניליה 1006,103743
גלידת שוקולד קלאסי מסעדות - וניליה 6016,103802
גלידת שוקולד תפוז דוקטור לק - בסקטה צרה עמוקה 5 ליטר,104321
גלידת שקדים לוטוס (טבעונית) LOTTUS - וניליה 1038,103760
גלידת תה ירוק למסעדות - וניליה 6014,103824
גליל מדבקות לקערית מתכלה בי פרש - 1000 יח',102457
גליל מדבקות נייר להכנות 1000 יח' בי פרש,102348
גליל מכסה ניילון לכוס 300 מטר בי פרש,102347
גליל קופה טרמי 80/80 - מוגן 7 שנים ( 50 יח),101453
"גליליות אגוז מיני- 2.5 ק""ג",102545
גליליות לקישוט בטעם אגוז -100 גרם (24 חבילות),100518
גלילית ג'וני קצר - 290 יח - גלילית,100978
"גנאש שוקולד מריר 6 ק""ג",104123
ג'ריקן 5 ליטר + מכסה 36 יח' בשק (במשטח 360 יח' תפזורת),102617
גרנולה 800 גרם - אגוזים,101551
גרנולה 800 גרם - פירות,101552
"גרנולה מוזלי על בסיס שיבולת שועל 1 ק""ג - בי פרש - אגוזים וכוסמת",103971
"גרנולה תערובת 1 ק""ג - פרימיום",100782
"גרנולה תערובת 1 ק""ג - פרימיום YOGO",102824
"דבש 1.5 ק""ג",101109
"דובדבן קפוא בד""צ חתם סופר פ""ת ארוז 2 ק""ג 5 שקיות בקרטון",103272
"דובדבני אמרנה איטלקיים - 2.75 ק""ג - brover",100607
"דובדבנים בסירופ (5 ק""ג)",100052
"דובדבנים מסוכרים יבש - 10 ק""ג בקרטון",100053
דוחף בלונים פלסטיק / מתכת למכשיר קצפת,100618
דוכני מזון,999999
"דומדומיות אדומות קפוא בד""צ חתם סופר פ""ת ארוז 2 ק""ג 5 שקיות בקרטון",103298
דיספנסר נירוסטה למפיות,100106
דלי מטליות לניקוי כללי - 400 יח (0470),100974
דלי צבעוני לשטיפת רצפות,101438
"דפי קרם שניט -  300 גרם בד""צ בית יוסף 3 יח' בחבילה 8 חבילות בקרטון",100674
"דקסטרוזה 25 ק""ג",100405
הכנסות משכירות,104000
הכנסות תחנת דלק - שטיפה,101999
הכנסות תחנת דלק- פנצריה,102000
הנחת מזומן,333333
הפצת משטח,102909
הפרש מחיר,444444
"וופל בלגי י.כהן עדה חרדית (10 ק""ג בקרטון)",100445
וופל בלגי כשר לפסח 12 יח' בקרטון - כשרות רבנות,100355
וופל בלגי מסורתי מוכן 20 יחידות,101597
וופל מניפת לבבות לקישוט 200 יח',102278
וופל עגול לקישוט 1000 יח' בקרטון,102632
וופל עגול לקישוט 1000 יח' בקרטון - ממותג בלוברי,104124
וופל עגול לקישוט 1000 יח' בקרטון - ממותג ג'ט לק,103937
וופל עגול לקישוט 1000 יח' בקרטון - ממותג ג'ט לק חדש,104114
וופל עגול לקישוט 1000 יח' בקרטון - ממותג ג'לטו בוטיק,103931
וופל עגול לקישוט 1000 יח' בקרטון - ממותג ג'לטו פקטורי,103940
וופל עגול לקישוט 1000 יח' בקרטון - ממותג גלידיס,104117
וופל עגול לקישוט 1000 יח' בקרטון - ממותג דוקטור לק,103932
וופל עגול לקישוט 1000 יח' בקרטון - ממותג יאמיז,103934
וופל עגול לקישוט 1000 יח' בקרטון - ממותג יוגו YOGO,103986
וופל עגול לקישוט 1000 יח' בקרטון - ממותג יוגי,103936
וופל עגול לקישוט 1000 יח' בקרטון - ממותג סיציליאנית,103935
וופל עגול לקישוט 1000 יח' בקרטון - ממותג פינת הגלידה,103939
וופל עגול לקישוט 1000 יח' בקרטון - ממותג קוקי קרים,104119
וופל עגול לקישוט 1000 יח' בקרטון - ממותג רוביניק,104116
"וריגטו פירות יער BABBI - בדלי 3 ק""ג- 4 יחידות בקרטון (Varigato frutti di bosco) - 12605",103783
זיתים ירוקים טבעות 9 ליטר,102598
זיתים ירוקים טבעות A2 - פרצל,103954
זיתים שחורים טבעות 9 ליטר,102599
"זעתר מעורב 1 ק""ג בדץ עדה חרדית",103853
זרעי פשתן,102138
"זרעי צ'יאה 1 ק""ג",102074
חובק קרטון לכוס נייר 12 אוז (1000 יחידות),101440
חובק קרטון לכוס נייר 8 אוז (1000 יחידות),100501
חולצת לקוסט לבנה (מנהל) קצרה מודפסת מיסטר קורן מידה M,100904
חולצת לקוסט לבנה (מנהל) קצרה מודפסת מיסטר קורן מידה S,100903
חולצת לקוסט לבנה (מנהל) קצרה מודפסת מיסטר קורן מידה XL,100906
חולצת לקוסט קצרה מודפסת מיסטר קורן מידה L,102755
חולצת לקוסט קצרה מודפסת מיסטר קורן מידה M,102754
חולצת לקוסט קצרה מודפסת מיסטר קורן מידה S,102753
חולצת לקוסט קצרה מודפסת מיסטר קורן מידה XL,102756
חולצת לקוסט קצרה מודפסת פרצל בצבע אדום מידה L,104094
חולצת לקוסט קצרה מודפסת פרצל בצבע אדום מידה M,104093
חולצת לקוסט קצרה מודפסת פרצל בצבע אדום מידה S,104092
חולצת לקוסט קצרה מודפסת פרצל בצבע שחור מידה M,104097
חומר לניקוי חלונות (שפריצר),100062
חטיף טוויקס 25 יח' 10 חבילות בקרטון,103275
חטיף טרופי 30 יח' בקרטון - B FRESH,104343
חטיף ספירולינה אגוזים 30 יח' בקרטון - B FRESH,104342
חטיף שוקולד חרוב 30 יח' בקרטון - B FRESH,104344
"חישוק לפנקייק - 10.5 ס""מ (קטן)",103882
"חישוק לפנקייק - 12 ס""מ",100563
"חלבה 3 ק""ג ארוז 2 י""ח בקרטון",100117
חלבה בלוק 500 גרם וניל,100743
"חלבה שערות 250 גרם כשל""פ",100537
חלבה שערות 400 גרם,100554
"חמאה צהובה 250 גרם מהדרין ללא תוספת מלח 10 ק""ג בקרטון (נמכר בקרטון סגור)",103913
"חמאת בוטנים 5 ק""ג",100578
חמאת בוטנים 510 גרם 12 יח' בקרטון,102957
"חמוציות 1 ק""ג",100661
"חמוציות שלם קפוא בד""צ חתם סופר פ""ת ארוז 2 ק""ג 5 שקיות בקרטון",104395
"חרדל 5 ק""ג בדלי - תלמה",103854
"חתיכות בננה קפואה 20 מ""מ בד""צ חתם סופר פ""ת  ארוז 2 ק""ג 5 שקיות בקרטון",103077
"טחינה גולמית 3 ק""ג",100598
טחינה גולמית 500 גרם,100728
טפיוקה 18 קג בקרטון- מכירה בקרטון סגור - בי פרש,102223
טפנד פסטו פחית הלמנס משקל נקי 980 גרם-יוניליוור,102686
"טרופית 200 מ""ל - 40 יח' בקרטון - חתם סופר",103856
ידית שימון קרמפיוז,101126
יוגורט בוקס - מודפס א.ש פאן/טורינו - 200 יח בקרטון,104072
יוגורט בוקס - מודפס זיסלק - 200 יח בקרטון,103979
יוגורט בוקס - מודפס קרמה - 200 יח בקרטון,104259
יוגורט בוקס טיבולי אילת - 200 יח בקרטון I love Eilat,102903
יוגורט בוקס טיבולי אשקלון - 200 יח בקרטון I love Ashkelon,102904
יוגורט בוקס משושה - מודפס בלובר - 250 יח בקרטון,104134
יוגורט בוקס משושה - מודפס דוקטור לק - 250 יח בקרטון,103945
יוגורט בוקס משושה - מודפס דייזי - 250 יח בקרטון,104243
יוגורט בוקס משושה - מודפס וניליה - 250 יח בקרטון,103973
יוגורט בוקס משושה - מודפס יוגורט בר - 250 יח בקרטון,102895
"יוגורט פרוסות וניל לפרוזן בד""צ - נסטלה 36*100 גרם בקרטון",103250
יעה נצמד (1550),101541
יריעת ניילון 75/90LD לבצק  ארוז 100 יח' בחבילה 10 חבילות בשק - פרצל,103927
כד מידה פלסטיק 5 ליטר,101314
"כדורים 1.3 ק""ג בטעם אננס בי פרש",102619
"כדורים 1.3 ק""ג בטעם בננה תמר בי פרש",103302
"כדורים 1.3 ק""ג בטעם מנגו בי פרש",102620
"כדורים 1.3 ק""ג בטעם קוקוס בי פרש",103303
"כדורים 1.3 ק""ג בטעם קרמל מלוח בי פרש",103304
"כדורים 1.3 ק""ג בטעם תות בי פרש",103301
כוס 330 מודפס YOGO יח' 1000 בקר',102614
כוס 360 מתכלה  PLA   50 יח' בשרוול 1000 בקרטון,104076
"כוס 500 סמ""ק שקופה מודפסת דייזי",104047
כוס 500 שקופה - 800 בקר' 328 מודפסת בי פרש b-fresh,102073
כוס 500 שקופה מודפסת איגלו 800 בקר',103224
כוס 500 שקופה מודפסת בלוברי 800 יח בקר,101648
כוס 500 שקופה מודפסת גלטו בוטיק 800 בקר',102291
כוס 500 שקופה מודפסת גלידה באר שבע 800 יח בקרטון,102657
כוס 500 שקופה מודפסת פיצהלה (מתוקלה)-600יח בקרטון,101416
"כוס PET 250 סמ""ק 50 יח' שרוול (1250 בקרטון)",100178
כוס PET 350 שקוף 1500 יחידות (50 בשרוול)  (215) - מודפס קרמרי,103216
"כוס PET 415 שקופה 350 סמ""ק 50 יח' בשרוול - 20 שרוולים = 1000 יח' בקרטון",102802
"כוס PET 415 שקופה 350 סמ""ק מודפסת אייס בר 24 יח' בשרוול 840 בקרטון",103289
"כוס PET 415 שקופה 350 סמ""ק מודפסת ג'ט לק 50 יח' בשרוול 1000 בקרטון",103099
"כוס PET 415 שקופה 350 סמ""ק מודפסת זיסלק חדש 24 יח' בשרוול 840 בקרטון",103233
"כוס PET 415 שקופה 350 סמ""ק מודפסת יוגולי 24 יח' בשרוול 840 בקרטון",102901
"כוס PET 415 שקופה 350 סמ""ק מודפסת לה דולצה ויטה 50 יח' בשרוול 1000 בקרטון",104103
"כוס PET 415 שקופה 350 סמ""ק מודפסת מיסטר קורן 50 יח' בשרוול 1000 בקרטון",103288
"כוס PET 415 שקופה 350 סמ""ק מודפסת פינת הגלידה 24 יח' בשרוול 840 בקרטון",102770
"כוס PET 415 שקופה 350 סמ""ק מודפסת רגע מתוק/קפטן קרפ 24 יח' בשרוול 840 בקרטון",104053
"כוס PET 415 שקופה 350 סמ""ק מודפסת שוקוניל 24 יח' בשרוול 840 בקרטון",102992
"כוס PET 418 שקופה 500 סמ""ק 50 יח' בשרוול 20 שרוולים =  1000 יחי בקרטון",102772
"כוס PET 418 שקופה 500 סמ""ק מודפסת SO BING רשת שלג 24 יח' בשרוול 720 בקרטון",103031
"כוס PET 418 שקופה 500 סמ""ק מודפסת אייס בר 24 יח' בשרוול 720 בקרטון",103290
"כוס PET 418 שקופה 500 סמ""ק מודפסת ג'ט לק 50 יח' בשרוול 1000 בקרטון",103100
"כוס PET 418 שקופה 500 סמ""ק מודפסת זיסלק חדש 24 יח' בשרוול 720 בקרטון",103234
"כוס PET 418 שקופה 500 סמ""ק מודפסת פינת הגלידה 24 יח' בשרוול 720 בקרטון",102771
"כוס PET 418 שקופה 500 סמ""ק מודפסת רגע מתוק/קפטן קרפ 24 יח' בשרוול 720 בקרטון",104054
"כוס PET 418 שקופה 500 סמ""ק מודפסת שוקוניל 24 יח' בשרוול 720 בקרטון",102993
"כוס PET שקופה 600 סמ""ק 50 יח' בשרוול - 16 שרוולים בקרטון=800 יח'",102810
"כוס PP שקופה 680 מ""מ - 24 אוז - (30 יח בשרוול) 600 יח' בקרטון",101032
כוס איטלקי  TIPO 4 C מודפס נווה צדק,102122
כוס איטלקי 102 TIPO פרדיסו 45 בשרוול 1485 בקרטון,104390
כוס איטלקי 102 TIPO פרוזן בית שאן 45 בשרוול 1485 בקרטון,103923
כוס איטלקי 102 TIPO קרמה 45 בשרוול 1485 בקרטון,104262
כוס איטלקי 102 TIPO שוקולטה 45 בשרוול 1485 בקרטון,103284
כוס איטלקי 108 TIPO יח 250 -מודפס גלידה באר שבע (2 כדורים),102652
כוס איטלקי 4C TIPO יח 200-מודפס גלידה באר שבע (3 כדורים),102653
כוס איטלקי 5 TIPO יח 250 -מודפס גלידה באר שבע  (1 כדור),102651
כוס איטלקי 60 TIPO - לבנה 60 בשרוול 3240 בקרטון,102400
כוס איטלקי 60 TIPO ג'לידה (מ.צ.ג) 60 בשרוול 3240 בקרטון,104348
כוס איטלקי 60 TIPO ג'לידו חדש 60 בשרוול 3240 בקרטון,104358
כוס איטלקי 60 TIPO כדור אחד 60 יח 3240 יח בקרטון חדש,102338
כוס איטלקי 60 TIPO מודפס  ג'ט לק 60 בשרוול 3240 בקרטון,103033
כוס איטלקי 60 TIPO מודפס  ג'לטו בוטיק 60 בשרוול 3240 בקרטון,102920
כוס איטלקי 60 TIPO מודפס  גליתא 60 בשרוול 3240 בקרטון,102886
כוס איטלקי 60 TIPO מודפס BBB 60 אדומה בשרוול 3240 בקרטון,102697
כוס איטלקי 60 TIPO מודפס BBB 60 ירוקה בשרוול 3240 בקרטון,102696
כוס איטלקי 60 TIPO מודפס BBB 60 סגולה בשרוול 3240 בקרטון,102698
כוס איטלקי 60 TIPO מודפס נווה צדק 60 בשרוול 3240 בקרטון,102366
כוס איטלקי 60 TIPO מודפס סוויטרס 60 בשרוול 3240 בקרטון,104332
כוס איטלקי 60 TIPO מודפס סטפן 60 בשרוול 3240 בקרטון,103878
כוס איטלקי 60 TIPO מודפס פרדיסו 60 בשרוול 3240 בקרטון,104388
כוס איטלקי 60 TIPO מודפס קרמה 60 בשרוול 3240 בקרטון,104260
כוס איטלקי 60 TIPO מודפס שוקולטה 60 בשרוול 3240 בקרטון,102896
כוס איטלקי 60 TIPO מודפס שפרה / קפאסה (ורודה) 60 בשרוול 3240 בקרטון,103269
כוס איטלקי 7T TIPO יח 100-מודפס גלידה באר שבע (5 כדורים),102655
כוס איטלקי 80 TIPO - אברך סחר/פעם שלישית 42 בשרוול 1932 בקרטון,102434
כוס איטלקי 80 TIPO - ג'לטו בוטיק 42 בשרוול 1932 בקרטון,103947
כוס איטלקי 80 TIPO - מודפס פיסטוק 42 בשרוול 1932 בקרטון,102433
כוס איטלקי 95 TIPO - אברך סחר/פעם שלישית 42 בשרוול 1680 בקרטון,102435
כוס איטלקי 95 TIPO - ג'לידה (מ.צ.ג) 42 בשרוול 1680 בקרטון,104349
כוס איטלקי 95 TIPO - לבנה 42 בשרוול 1680 בקרטון,102402
כוס איטלקי 95 TIPO - פרוזן בית שאן (סגול) 42 בשרוול 1680 בקרטון,103922
כוס איטלקי 95 TIPO - קרמה 42 בשרוול 1680 בקרטון,104261
כוס איטלקי 95 TIPO מודפס ג'ט לק 42 יח בשרוול - 1680 בקרטון,103034
כוס איטלקי 95 TIPO מודפס ג'ט לק חדש 42 יח בשרוול - 1680 בקרטון,104142
כוס איטלקי 95 TIPO מודפס ג'לטו בוטיק 42 יח - 1680 בקרטון,102921
כוס איטלקי 95 TIPO מודפס ונדי לבן 42 יח בשרוול - 1680 בקרטון,103930
כוס איטלקי 95 TIPO מודפס סטפן 42 יח - 1680 בקרטון,103879
כוס איטלקי 95 TIPO מודפס פרדיסו 42 בשרוול 1680 בקרטון,104389
כוס איטלקי 95 TIPO מודפס שוקולטה 42 יח - 1680 בקרטון,102897
כוס איטלקי 95 TIPO מודפס שפרה / קפאסה 42 בשרוול 1680 בקרטון,103270
כוס איטלקי N53 TIPO יח 180-מודפס גלידה באר שבע (4 כדורים),102654
כוס איטלקי TIPO 102 - לבנה 45 בשרוול 1485 בקרטון,102403
כוס איטלקי TIPO 102 - קוקי קרים 45 בשרוול 1485 בקרטון,102736
כוס איטלקי TIPO 102 חדש 45 יח 1485 בקרטון חדש,102341
כוס איטלקי TIPO 102 מודפס  בלוברי 45 בשרוול 1485 בקרטון,102411
כוס איטלקי TIPO 102 מודפס  בלוברי חדש 45 בשרוול 1485 בקרטון,104174
כוס איטלקי TIPO 102 מודפס  ג'ט לק 45 בשרוול 1485 בקרטון,103035
כוס איטלקי TIPO 102 מודפס  ג'לטו בוטיק 45 בשרוול 1485 בקרטון,102922
כוס איטלקי TIPO 102 מודפס - ויקטורי 45 יחי 1485 יח בקרטון,100784
כוס איטלקי TIPO 102 מודפס  יוגומיקס 45 בשרוול 1485 בקרטון,102701
כוס איטלקי TIPO 102 מודפס  לה דולצה ויטה לוגו כפול חדש 45 בשרוול 1485 בקרטון,102968
כוס איטלקי TIPO 102 מודפס אמיליה- דביר 45 בשרוול 1485 בקרטון,102429
כוס איטלקי TIPO 102 מודפס אמיליה דביר חדש 45 בשרוול 1485 בקרטון,102726
כוס איטלקי TIPO 102 מודפס אמיליה נתניה 45 בשרוול 1485 בקרטון,102908
כוס איטלקי TIPO 102 מודפס בלוברי אירועים 45 בשרוול 1485 בקרטון,104333
כוס איטלקי TIPO 102 מודפס גלידיס צמח 45 בשרוול 1485 בקרטון,102426
כוס איטלקי TIPO 102 מודפס טיבולי אילת (חדש) 45 בשרוול 1485 בקרטון,102961
כוס איטלקי TIPO 102 מודפס נווה צדק 45 בשרוול 1485 בקרטון,102368
כוס איטלקי TIPO 102 מודפס סיציליאנית חדש 45 בשרוול 1485 בקרטון,103192
כוס איטלקי TIPO 102 מודפס רוביניק 45 בשרוול 1485 בקרטון,102533
כוס איטלקי TIPO 102 מודפס שפרה / קפאסה 45 בשרוול 1485 בקרטון,103271
כוס איטלקי TIPO 102 צבעוני-מודפס yogo (גדול) 45 בשרוול 1485 בקרטון,102650
כוס איטלקי TIPO 108 מודפס גליתא,100992
כוס איטלקי TIPO 108 מודפס פנדה אשדוד,101386
כוס איטלקי TIPO 130 מודפס ג'לטו בוטיק 67 בשרוול 2010 בקרטון,102923
כוס איטלקי TIPO 130 מודפס רוביניק 67 בשרוול 2010 בקרטון,102534
כוס איטלקי TIPO 160 - מודפס ג'לידו חדש 43 בשרוול  1290בקרטון,104360
כוס איטלקי TIPO 160 - מודפס פרוזן בית שאן (ירוקה) 43 בשרוול  1290בקרטון,103924
כוס איטלקי TIPO 160 לבנה - 43 בשרוול 1290 בקרטון,102495
כוס איטלקי TIPO 200B- מודפס אייס בר 45 בשרוול 1350 בקרטון,102378
כוס איטלקי TIPO 4C מודפס טיבולי חדש תל אביב,101640
כוס איטלקי TIPO 4CA  מודפס אייסברג (דלית),100376
כוס איטלקי TIPO 5  מודפס פנדה אשדוד,101385
כוס איטלקי TIPO 60  מודפס טיבולי אילת (חדש) 60 בשרוול 3240 בקרטון,102959
כוס איטלקי TIPO 60  מודפס מיני איטליה - 60 בשרוול 3240 בקרטון,102292
כוס איטלקי TIPO 60  מודפס קוקי קרים 60 בשרוול 3240 בקרטון,102371
כוס איטלקי TIPO 60 מודפס אייס בר 60 בשרוול 3240 בקרטון,102374
כוס איטלקי TIPO 60 מודפס אמיליה דביר חדש 60 בשרוול 3240 בקרטון,102724
כוס איטלקי TIPO 60 מודפס אמיליה נתניה 60 בשרוול 3240 בקרטון,102906
כוס איטלקי TIPO 60 מודפס בית הקרפ 60 בשרוול 3240 בקרטון,102461
כוס איטלקי TIPO 60 מודפס בלוברי 60 בשרוול 3240 בקרטון,102409
כוס איטלקי TIPO 60 מודפס בלוברי חדש 60 בשרוול 3240 בקרטון,104172
כוס איטלקי TIPO 60 מודפס גלידו 60 בשרוול 3240 בקרטון,102464
כוס איטלקי TIPO 60 מודפס גלידיס צמח 60 בשרוול 3240 בקרטון,102424
כוס איטלקי TIPO 60 מודפס ויקטורי 60 יח 3240 יח בקרטון,101365
כוס איטלקי TIPO 60 מודפס זיסלק חדש 60 בשרוול 3240 בקרטון,103225
כוס איטלקי TIPO 60 מודפס לבן - ונדי - 60 יח' בקרטון 3240 בקרטון,102842
כוס איטלקי TIPO 60 מודפס לה דולצה ויטה לוגו כפול חדש 60 בשרוול 3240 בקרטון,102966
כוס איטלקי TIPO 60 מודפס נוצ'ולה 60 בשרוול 3240 בקרטון,102398
כוס איטלקי TIPO 60- מודפס סיציליאנית (אדום) 60 בשרוול 3240 בקרטון,102453
כוס איטלקי TIPO 60- מודפס סיציליאנית חדש 60 בשרוול 3240 בקרטון,103190
כוס איטלקי TIPO 60 מודפס פינת הגלידה 60 בשרוול 3240 בקרטון,102369
כוס איטלקי TIPO 60 מודפס פרוזן בית שאן (ורוד) 60 בשרוול 3240 בקרטון,103921
כוס איטלקי TIPO 60 מודפס פרוטי - קרמרי דה לקלייר 60 בשרוול 3240 בקרטון,102422
כוס איטלקי TIPO 60 מודפס רוביניק 60 בשרוול 3240 בקרטון,102531
כוס איטלקי TIPO 80 - לבנה 42 בשרוול 1932 בקרטון,102401
כוס איטלקי TIPO 80 חדש 42 בשרוול 1932 בקרטון חדש,102339
כוס איטלקי TIPO 80 מודפס ג'לידו חדש 42 בשרוול 1932 בקרטון,104359
כוס איטלקי TIPO 80 מודפס לה דולצ'ה ויטה חדש 42 בשרוול 1932 בקרטון,102779
כוס איטלקי TIPO 80 מודפס לה דולצ'ה ויטה לוגו כפול חדש 42 בשרוול 1932 בקרטון,102967
כוס איטלקי TIPO 80 מודפס נוצ'ולה 42 בשרוול 1932 בקרטון,102399
כוס איטלקי TIPO 80 צבעוני-מודפס yogo (קטן) 42 בשרוול 1932 בקרטון,102648
כוס איטלקי tipo 95 חדש בשרוול 42 יח  *40 שרוולים 1680 יח,102340
כוס איטלקי TIPO 95 מודפס אייס בר 42 בשרוול 1680 בקרטון,102375
כוס איטלקי TIPO 95 מודפס אמיליה דביר חדש 42 בשרוול 1680 בקרטון,102725
כוס איטלקי TIPO 95 מודפס אמיליה נתניה 42 בשרוול 1680 בקרטון,102907
כוס איטלקי TIPO 95- מודפס בלוברי 42 בשרוול 1680 בקרטון,102410
כוס איטלקי TIPO 95- מודפס גלטו בוטיק 42 בשרוול 1680 בקרטון,102383
כוס איטלקי TIPO 95- מודפס גלידו 42 בשרוול 1680 בקרטון,102465
כוס איטלקי TIPO 95 מודפס ויקטורי - 42 בשרוול 1680 בקרטון,102280
כוס איטלקי TIPO 95 מודפס זיסלק חדש 42 בשרוול 1680 בקרטון,103227
כוס איטלקי TIPO 95 מודפס טיבולי אילת (חדש) 42 בשרוול 1680 בקרטון,102960
כוס איטלקי TIPO 95 מודפס מיני איטליה - 42 בשרוול 1680 בקרטון,102293
כוס איטלקי TIPO 95- מודפס נווה צדק 42 בשרוול 1680 בקרטון,102367
כוס איטלקי TIPO 95- מודפס נייס 42 בשרוול 1680 בקרטון,102393
כוס איטלקי TIPO 95- מודפס סיציליאנית חדש 42 בשרוול 1680 בקרטון,103191
כוס איטלקי TIPO 95 מודפס פינת הגלידה 42 בשרוול 1680 בקרטון,102370
כוס איטלקי TIPO 95 מודפס פרוטי - קרמרי דה לקלייר 42 בשרוול 1680 בקרטון,102423
כוס איטלקי TIPO 95- מודפס פרש פוינט 42 בשרוול 1680 בקרטון,102537
כוס איטלקי TIPO 95 מודפס רוביניק 42 בשרוול 1680 בקרטון,102532
כוס איטלקי TIPO 95 צבעוני-מודפס yogo (בינוני) 42 בשרוול 1680 בקרטון,102649
"כוס איטלקי TIPO 9T- 480 סמ""ק -יח 100",100549
כוס איטלקית 130 אייס בר -200 cc בשרוול 67 בקרטון 2010,102377
כוס איטלקית TIPO 102 מודפס מיני איטליה 45 בשרוול 1485 בקרטון,102294
כוס איטלקית TIPO 102 מודפס נוצ'ולה,102838
כוס איטלקית tipo 130 -לבנה 200cc בשרוול 67 בקרטון 2010,102404
כוס איטלקית TIPO 4CA - יח' 200,200204
כוס איטלקית TIPO 60- מודפס קצפת 60 בשרוול 3240 בקרטון,102396
כוס איטלקית TIPO 95- מודפס קצפת 42 בשרוול 1680 בקרטון,102397
כוס איטלקית בינונית TIPO 95 מודפס ג'לרטה 42 בשרוול 1680 בקרטון,104211
כוס איטלקית בינונית TIPO 95 מודפס וניליה 42 בשרוול 1680 בקרטון,103968
כוס איטלקית גדולה 102 מודפס ג'לרטה 45 בשרוול 1485 בקרטון,104212
כוס איטלקית גדולה 102 מודפס וניליה 45 בשרוול 1485 בקרטון,103969
כוס איטלקית גדולה 10MG/102 מודפס וניליה 200 בשרוול 1400 בקרטון,103312
כוס איטלקית קטנה TIPO 60 מודפס ג'לרטה 60 בשרוול 3240 בקרטון,104210
כוס איטלקית קטנה TIPO 60 מודפס וניליה 60 בשרוול 3240 בקרטון,103967
כוס אספרסו / קפה 4 אוז - לבנה,101038
כוס אספרסו שתייה חמה 4 אוז - 50 יח',100045
כוס ארומה  500  ג.651  מודפסת אנדרי חדש 800 יח' בקרטון,104164
"כוס ארומה שקוף 500 סמ""ק ג.95 40 יח' בשרוול 800 יח' בקרטון - 328",100302
"כוס דגם ""ארומה""  330 ג.656 מודפס אנדרי חדש - 800 יח' בקרטון",104163
"כוס דגם ""ארומה""  330 ג.656 מודפס בלוברי 800 יח בקרטון",102065
"כוס דגם ""ארומה""  330 ג.656 מודפס גלידה באר שבע 800 יח בקרטון",102656
"כוס דגם ""ארומה"" 330 ג.656 - 40 יח' בשרוול,800 בקר'",101075
כוס טעימה נטורל 1 אוז 5000 בקר (סולו)200 בשרוול,102932
כוס טעימה נטורל 1.25 אוז 5000 בקר (סולו)250 בשרוול,100413
"כוס יוגורט מעוצבת 100 סמ""ק צבע כחול - קטן 100 בשרוול בקרטון 1200 יח",102285
"כוס יוגורט מעוצבת 150 סמ""ק צבע צהוב - בינוני 100 בשרוול בקרטון 1200 יח",102286
"כוס יוגורט מעוצבת 200 סמ""ק צבע ורוד - גדול - 100 בשרוול בקרטון 700 יח",102287
כוס מולטימיקס 1000 יח' (20 בשרוול),102844
"כוס מתכלה (לסופלה) 300 מ""ל - PLA- יח' 1000 בקר'",102113
"כוס מתכלה 450 PLA מ""ל - 1000יח בקרטון",102200
כוס מתכלה 600 PLA  - מודפס YOGO -יח' 1000 בקר',102111
כוס נייר  A1 330 - מודפס אייס בר,100815
כוס נייר 1 ליטר מודפס אייס בר,100976
כוס נייר 10 אוז קטנה דופן כפולה מודפס מיסטר קורן ארוז 1000 בקרטון,104156
כוס נייר 12 אוז דופן כפולה מודפס מיסטר קורן ארוז 500 בקרטון,104157
"כוס נייר 12 אוז/350 מ""ל - מודפס בי פרש b-fresh בקרטון 500 יח'",102745
כוס נייר 16 אוז K2 מודפס מיסטר קורן - 500 יח' בקרטון (גדולה),102793
כוס נייר 16 אוז K2 מודפס פוטאטו סטאר - 500 יח' בקרטון (גדולה),102996
"כוס נייר 16 אוז/500 מ""ל - מודפס בי פרש b-fresh בקרטון 500 יח'",102746
"כוס נייר 16 אוז/500 מ""ל - מודפס בננה בר/קפרי בקרטון 620 יח'",102867
"כוס נייר 22 אוז/650 מ""ל - מודפס בי פרש b-fresh בקרטון 500 יח'",102747
"כוס נייר 500 מ""ל - מודפס אייס בר",100816
"כוס נייר 500 מ""ל סגול",100290
"כוס נייר 630 מ""ל - מודפס אייס בר",100817
"כוס נייר 630 מ""ל (צהוב)",100291
"כוס נייר 630 מ""ל F1- מודפס פרש פוינט",102023
כוס נייר 630 מודפס בננה בר (קפרי),100629
כוס נייר בינונית 12 אוז H2 - מיסטר קורן 500 יח' בקרטון,102828
כוס נייר לבנה חם/קר H2 DC לבנה בינונית - 12 אוז 500 יחידות בקרטון,102568
כוס נייר לבנה חם/קר K2 DC לבנה גדולה - 16 אוז 500 יחידות בקרטון,103022
כוס נייר לגלידה A4 (כדור אחד) 50 יח' בשרוול 2000 יח בקרטון,100005
כוס נייר לגלידה B3 (2 כדורים) 50 יח' בשרוול 1000 יח בקרטון,100006
"כוס נייר לטעימה solo - יח' 250 בשרוול, 5000 בקרטון",100692
"כוס נייר לפרוזן 180 סמ""ק - A3 (ירוק) 50 יח' בשרוול",100148
"כוס נייר לפרוזן 240 סמ""ק A2 (כחול)  - 50 יח' בשרוול",101425
כוס נייר לפרוזן A1 330 (אדום) 50 יח' בשרוול,100105
כוס נייר מודפסת 1 ליטר (H1),100123
כוס נייר קטנה A2 - 8 אוז מיסטר קורן 1000 יח בקרטון,102589
כוס סברינה 12 אוז - 250 יח בקרטון,100702
כוס סברינה 16 אוז - 250 יח בקרטון,100703
כוס פופקורן 1 ליטר 500 יח בקרטון 50 יח בשרוול H1,100258
כוס פופקורן F1 630 - יח' 50 בשרוול,101082
כוס קפה 10 אוז מודפס קרמרי דלה אקלר,103006
כוס קפה 10/12 אוז לבנה צרה וגבוה A1H(חלקה לשתייה חמה) - 50 יח',101040
"כוס קפה 12 אוז - 330 מ""ל - מודפס אמיליה נתניה - A1H",101546
כוס קפה 12 אוז מודפסת זיסלק חדש,103229
כוס קפה 4 אוז  1000 יחי בקרטון מודפס קרמרי דלה אקלר G1H,103004
כוס קפה 6 אוז - לבנה,100511
כוס קפה 6 אוז מודפס פרוטי- A3H,100430
"כוס קפה 8 אוז - 250 מ""ל - מודפס  ג'ט לק - A2H (צהובה)",103079
כוס קפה 8 אוז - לבנה - 50 יח' (די.סי),101039
כוס קפה 8 אוז מודפס SO BING/SO HOT שלג,103047
כוס קפה 8 אוז מודפס פוטאטו סטאר,102994
כוס קפה 8 אוז מודפסת אפוגטו,101415
כוס קפה 8 אוז מודפסת זיסלק חדש,103228
"כוס שקופה (דגם 132) 180 סמ""ק  3000 יח בקרטון",100027
"כוס שקופה 200 סמ""ק 3000",100348
"כוס שקופה 900 סמ""ק - סולו - 6 שרוולים של 50 יח 300 בקרטון",100804
כוס שתיה חמה 12 אוז - 50 יח',100134
כוס שתייה חמה 10 אוז - 50 יח',100212
כוס שתייה חמה 8 אוז - 50 יח',100028
כיף כף מקלות קלאסי 8 יח' בקרטון,103976
כף שקופה מהודרת ארוז 100,100571
כפיות מולטימיקס 1000 יח',102846
כפית  יוגורט שחורה  (ארוז 100) 1000 יח,103101
"כפית ""מובינגפיק"" DE LUXE 1 (ק""ג 1 בשקית)",100339
"כפית ""מובינגפיק"" DE LUXE 1 (ק""ג 1 בשקית)  בצבע טורקיז - צבעוני",104400
"כפית איטלקית 1 ק""ג - שחורה",102080
"כפית איטלקית 13 ס""מ אדומה 1 ק""ג ארוז 12 ק""ג בקרטון - קצפת",104384
"כפית איטלקית לבנה 1 ק""ג 700 יח",102752
"כפית איטלקית לגלידה 1 ק""ג",100074
"כפית גלידה איטלקית 1 ק""ג - שקופה",102496
כפית טעימה 5000 - שחור,102935
כפית טעימה 5000 יח,100120
"כפית טעימה איטלקית 6 ס""מ צבעונית 1000 יח בשקית ארוז 20 שקיות  בקרטון",104381
כפית טעימה איטלקית 6000 יח - 4*1.5קג,102228
"כפית יוגורט איטלקית 130 מ""מ1 קג שקופה - בקרטון 12 קג",101644
"כפית יוגורט איטלקית 145 מ""מ כחולה - 1 ק""ג",101643
"כפית יוגורט איטלקית 145 מ""מ לבנה  1ק""ג בקרטון 16 ק""ג",104385
"כפית יוגורט איטלקית 145 מ""מ צבעונית 1 ק""ג בקרטון 14 ק""ג",101642
"כפית יוגורט איטלקית 145 מ""מ שחורה  1ק""ג בקרטון 14 ק""ג",102500
כפית יוגורט שקופה 1000 יחידות בקרטון,100627
כפית ירוק תפוח (ארוז 100) 1000 יח - מיסטר קורן,102852
כפית לבנה (ארוז 100),100215
"כפית סודה צבעונית איטלקית 160 מ""מ - 1 ק""ג",101646
כפפות מנתחים- 100 יחידות- L,101529
כפפות מנתחים- 100 יחידות- M,101528
כפפות מנתחים- 100 יחידות- S,100049
כפפות מנתחים- 100 יחידות- XL,101530
כפפות מעדניה 100 יח,100403
כפפות ניטריל L מחוזקות בצבע שחור - 100 יחידות מידה L,103212
כפפות ניטריל M מחוזקות בצבע שחור - 100 יחידות מידה M,103211
כפפות ניטריל S מחוזקות בצבע שחור  - 100 יחידות מידה S,103210
כפפות ניטריל XL מחוזקות בצבע שחור - 100 יחידות מידה XL,103213
"כפתורי שוקולד חום מצפופים סוכריות 2.5 ק""ג",100664
"כפתורי שוקולד לבן מצפופים סוכריות 2.5 ק""ג",100665
כרית יפנית יחידה (0998),100050
לא פעיל - מארז פרפר מודפס - קרמרי דלה אקלר מידה 17.5  200 יח' בקרטון,102946
"לוז גרוס 4-2 בדץ חתם סופר פ""ת",100672
לימון סחוט טבעי קפוא 2 ליטר 6 יח' בקרטון - כשרות חתם סופר,103154
"ליצ'י קפוא בד""צ חתם סופר פ""ת ארוז 2 ק""ג 5 שקיות בקרטון",103830
לנץ בוקס מודפס א.ש.פאן 300 יח' בקרטון,103876
לנץ בוקס מודפס הוט טופ שרונה 300 יח' בקרטון,102806
לנץ בוקס מודפס יאמי קומפייר 300 יח' בקרטון,104005
לנץ בוקס מודפס מיסטר קורן 300 יח' בקרטון,102596
לנץ בוקס מודפס פוטאטו סטאר 300 יח' בקרטון,102979
לנץ בוקס מודפס פנדה קופי 300 יח' בקרטון,104235
לנץ' בוקס קלקר חלקה 150 יח,100602
לנץ' בוקס קלקר מחולק 150 יח 903,100251
לפתן ליצ'י,100753
לקחת תשלום,555555
"לקקן פלסטיק 10"" 25 ס""מ",101489
"לקקן פלסטיק 16"" 41 ס""מ",101129
מאחז לגביע וופל - מודפס אייס בר 1739 - 8640 יח בקרטון,103291
מאחז לגביע וופל - מודפס בלוברי 1739 - 2000 יח בקרטון,104178
מאחז לגביע וופל - מודפס ג'ט לק 1739 - 2000 יח בקרטון,103050
מאחז לגביע וופל - מודפס ג'ט לק חדש 1739 - 2000 יח בקרטון,104139
מאחז לגביע וופל - מודפס דולצ'ה ויטה 1739 - 8640 יח בקרטון,104168
מאחז לגביע וופל - מודפס טיבולי 1739 - 2000 יח בקרטון,103059
מאחז לגביע וופל - מודפס סיציליאנית 1739 - 2000 יח בקרטון,103058
מאחז לגביע וופל - מודפס פינת הגלידה 1739 - 2000 יח בקרטון,103884
מאחז לגביע וופל - מודפס פינת הגלידה 2241 - 2000 יח בקרטון,104180
מאחז לגביע וופל - מודפס קוקי קרים 1739 - 2000 יח בקרטון,104083
מאחז לגביע וופל - מודפס קרמרי דה לאקלר 1739 - 2000 יח בקרטון,103281
מאחז לגביע וופל yogo מודפס  - דגם 1739 -  2000 יח בקרטון,104206
מאחז לגביע וופל כדור 1 - מודפס וניליה 2236 - 3000 יח בקרטון (נמכר בקרטון סגור),104108
מאחז למארז קרפ - 1800 יח בקרטון,100326
מאחז קונוס לגביע ופל 2000 יח בקרטון,100441
מאחז קונוס לגביע שפה ישרה 1739 מודפס יוגורט בר 8640 יח' בקרטון,102892
מארז אצבעות תירס מודפס מיסטר קורן 600 יח' בקרטון,102694
מארז לוופל בלגי על מקל מודפס אדלה 250 יח',103218
מארז לוופל בלגי על מקל מודפס בלוברי אירועים  250 יח',103286
מארז לוופל בלגי על מקל מודפס ג'לטו פקטורי (פרוסט) 250 יחי,102991
מארז לוופל בלגי על מקל מודפס טיבולי מידות 250 יחי,102890
מארז לוופל בלגי על מקל מודפס יוגורט בר מידות 250 יחי,102891
מארז לוופל בלגי על מקל/נקניקיה 7/25/3 מידות 250 יחי,102156
מארז לקערית מודפס בי פרש 450 יח',104001
מארז לקרפ מודבק  - ונילה - עאדל שנאווי,103330
מארז לקרפ מודבק  - יוגו לי,104085
מארז לקרפ מודבק  - פרדיסו,104337
מארז לקרפ מודבק  500 יח בקרטון - אנדרי,101734
מארז לקרפ מודבק - א.ש.פאן/טורינו,104071
מארז לקרפ מודבק - אייס בר,101697
מארז לקרפ מודבק - אנדרי גרפיקה חדשה,104120
מארז לקרפ מודבק - בלו-בר,103781
מארז לקרפ מודבק - ג'ט לק,103046
מארז לקרפ מודבק - גלטו בוטיק טייבה,102216
מארז לקרפ מודבק - ג'לידו,104357
מארז לקרפ מודבק - גלידת קוגל שטיסל,104324
מארז לקרפ מודבק - זיסלק חדש,103230
מארז לקרפ מודבק - יוגו YOGO יחידות 500,101627
מארז לקרפ מודבק - יוגורט בר,102894
מארז לקרפ מודבק - לבן,101081
מארז לקרפ מודבק - לה דולצה ויטה- סחנין,102063
מארז לקרפ מודבק - מודפס בננה בר (קפרי),100579
מארז לקרפ מודבק - מודפס גלידה באר שבע,102658
מארז לקרפ מודבק - מודפס וניליה,103983
מארז לקרפ מודבק - מודפס טיבולי,101543
מארז לקרפ מודבק - מודפס מתוקלה - פיצהלה,101491
מארז לקרפ מודבק - מודפס קצפת,100583
מארז לקרפ מודבק - מילק בר - 500 יחידות בקרטון,104217
מארז לקרפ מודבק - מיני איטליה,102549
מארז לקרפ מודבק - מלון הים האדום,103043
מארז לקרפ מודבק - פיסטוק,102830
מארז לקרפ מודבק - פנקייק בעיר יחידות 500,102527
מארז לקרפ מודבק - פרוזן בית שאן,103926
מארז לקרפ מודבק - פרש פוינט,101727
מארז לקרפ מודבק - קרמה,104263
מארז לקרפ מודבק - רוביניק,102551
מארז לקרפ מודבק 500 יח' - ג'לטו פקטורי (פרוסט),103943
מארז לקרפ מודבק ג'נריק - 500 יח בקרטון,100336
מארז לקרפ מודפס 500 יח אמיליה חיפה - מודבק,101123
מארז לקרפ מודפס בלוברי חדש,104125
מארז לקרפ מודפס בראנצ- מודבק,101022
מארז לקרפ מודפס ג'לה / ג'לטו קלסיקו,104188
מארז לקרפ מודפס ויקטורי - מודבק,102283
מארז לקרפ מודפס יוגי - טייבה 500 יח בקרטון,102912
מארז לקרפ מודפס פינת הגלידה,100408
מארז לקרפ מודפס רגע מתוק / קפטן קרפ,104050
מארז לקרפ מודפס שוקולטה- מודבק,101124
מארז משולב וופל + קרפ - מודפס סיציליאנית ארוז 1400 בקרטון,103849
מארז סגור 500 יח' בקרטון - מודפס קרמרי דלה אקלר,102813
מארז פרפר מודפס - אנדרי ענק 100 יח' בקרטון,104175
מארז פרפר מודפס - ג'ט לק 14 קטן  200 יח' בקרטון,103095
מארז פרפר מודפס - ג'ט לק 17 בינוני  200 יח' בקרטון,103096
מארז פרפר מודפס - ג'לטו בוטיק מידה 19  200 יח' בקרטון,102947
מארז פרפר מודפס - קרמרי דלה אקלר 10 קטן  200 יח' בקרטון,102949
מארז פרפר מודפס - קרמרי דלה אקלר מידה 22  100 יח' בקרטון,102951
מארז פרפר מודפס - קרמרי דלה אקלר מידה 26 100 יח' בקרטון,102952
"מגב 40 ס""מ עם הברגה   - ללא מקל (1530)",100854
מגבונים אישיים לבן (ללא מיתוג)  1000 יח' בקרטון,103124
מגבונים אישיים ממותגים - SO BING רשת שלג 1000 יח' בקרטון,103030
מגבונים אישיים ממותגים - ג'ט לק 1000 יח' בקרטון,103049
מגבונים אישיים ממותגים - ג'לטו בוטיק 1000 יח' בקרטון,102933
מגבונים אישיים ממותגים - זיסלק 1000 יח' בקרטון,103236
מגבונים אישיים ממותגים - פיש & צ'יפס קיטשן 1000 יח' בקרטון,103113
מגבונים אישיים ממותגים - קרמרי דה לאקלר 1000 יח' בקרטון,103243
"מגבת דו שכבתי עם פרפורציה - אקולוגי 1500 דפים 510 מטר ""ECOLUCART""",104292
מגבת דו שכבתי עם פרפורציה- 1174 - לוטוס,100240
"מגבת תעשייתית- ""1173"" - 400 מטר",100379
מגבת תעשייתית- 1200 מטר - 1169 - סילבר ECO,101073
מגבת תעשייתית- חוגלה- 1200 מטר- 1177,100803
מגש ל6 מקרונים + מכסה 200 יח' בקרטון,103007
מגש להוצאת קינוחים 2 חורים (שחור) ג'ט לק 100 יח' בקרטון,103098
מגש לוופל בלגי 2 חורים יוגורט בר 100 יח' בקרטון,103118
מגש לוופל בלגי 2 חורים פיש & צ'יפס 100 יח' בקרטון,103219
"מגש מלמין שחור ס""מ 17*35 - סחווט",102153
מגש פנימי למארז פרפר מודפס - ג'לטו בוטיק מידה 19  300 יח' בקרטון,102948
מגשית חומה מקרטון 14*24*5.5 דגם 308506 גלידה סבתא 100 יח' בקרטון,103214
מגשית תפוח אדמה לבן 400 יח' בקרטון,102759
מגשית תפוח אדמה מודפס א.ש.פאן 400 יח' בקרטון,103875
מגשית תפוח אדמה מודפס הוט טופ שרונה 400 יח' בקרטון,102805
מגשית תפוח אדמה מודפס טיבולי 400 יח' בקרטון,104345
מגשית תפוח אדמה מודפס יאמי קומפייר 400 יח' בקרטון,104004
מגשית תפוח אדמה מודפס יוגי 400 יח' בקרטון,102919
מגשית תפוח אדמה מודפס מיסטר קורן 400 יח' בקרטון,102595
מגשית תפוח אדמה מודפס פוטאטו סטאר 400 יח' בקרטון,102984
מגשית תפוח אדמה מודפס פטיסייר-עידן בן ברוך  400 יח' בקרטון,103942
מגשית תפוח אדמה מודפס פנדה קופי 400 יח' בקרטון,104234
"מדבקה אפורה לקלקר ג'ט לק מידות 30.3 ס""מ על 4.8 קוטר העיגול 10 ס""מ - 500 יח' בגליל",103055
"מדבקה ירוקה לקלקר גלידה באר שבע 28 ס""מ  - 420 יח' בגליל",104018
"מדבקה כחולה לקלקר גלידה באר שבע 28 ס""מ  - 420 יח' בגליל",104017
מדבקה למארז סברינה 1000 יח בגליל- מודפס קרמרי דלה אקלר,102827
מדבקה למארז קלקר / עוגיות / קרנץ'  500 יח - מודפס קרמרי דלה אקלר,102819
"מדבקה לקינוחים ג'ט לק חדש מידות העיגול קוטר4.87 ס""מ הפס 4.9 על 9.7 - 500 יח' בגליל",104138
"מדבקה לקלקר ג'ט לק חדש מידות 30.3 ס""מ על 4.8 קוטר העיגול 10 ס""מ - 500 יח' בגליל",104137
מדבקה לקלקר גלידה- לוגו YOGO בגליל 500 יח',102158
"מדבקה צהובה לקלקר גלידה באר שבע 22 ס""מ  - 625 יח' בגליל",104016
מזלג ירוק תפוח 1000 יח' - מיסטר קורן,102853
מזלג לבן (ארוז 100),100143
מזלג שחור מהודר ארוז 100 יחידות 1000 יח בקרטון,103127
מזלג שקוף מהודר ארוז 100 יחידות 1200 יח בקרטון,100160
"מזרקים לשוקולד 20 מ""ל - 50 יח בחבילה",102671
"מזרקים לשוקולד 60 מ""ל- 50 יח בחבילה 6 חבילות בקרטון",100514
"מחית - פסטה אגוזי לוז - ללא תוספת סוכר - 5 ק""ג",101695
"מחית (פסטה) שקד טבעי 5 ק""ג (ללא תוספת סוכר ומלח)",101694
"מחית פסטה פיסטוק 100% טבעי - 5 ק""ג בד""ץ העדה החרדית",101426
מטאטא גוליה נילון - ללא מקל (1501),100851
"מטבעות שוקולד חלב - בדץ עדה חרדית- 1 ק""ג",101703
"מטבעות שוקולד לבן - בדץ עדה חרדית - 1 ק""ג",101704
"מטבעות שוקולד מריר - בדץ עדה חרדית - 1 ק""ג",100835
"מטבעות שוקולד קליבו חלב 1 ק""ג",100823
"מטבעות שוקולד קליבו חלב 2.5 ק""ג",104329
"מטבעות שוקולד קליבו לבן 1 ק""ג",100824
"מטבעות שוקולד קליבו מריר 1 ק""ג",100868
"מטבעות שוקולד קליבו מריר 2.5 ק""ג",104331
מטליות טריו (3 בשקית) (0201),100059
מטליות מיקרופייבר 30X30,102728
"מיונז אמיתי  5 ק""ג תלמה",102557
מיכל גז גבוה למלחם,102911
מיכל לקצפת 1 ליטר נירוסטה,100070
"מיכל שקוף לסלט 1000 סמ""ק - מכסה צמוד-400 בקרטון",101423
"מיכל שקוף לסלט 375 סמ""ק - מכסה צמוד 600 בקרטון",100821
"מיכל שקוף לסלט 500 סמ""ק - מכסה צמוד/ אסאי 600 בקרטון",101421
מילוי מגבונים 400 יח - 2.300 גרם 4 יח בקרטון (0471),100973
מיני נשיקות ורוד - 100 גרם,102109
מיני נשיקות לבן - 100 גרם,102108
"מיקס פירות יער קפוא בד""צ חתם סופר פ""ת ארוז 2 ק""ג 5 שקיות בקרטון",103132
מכונת ערבוב גלידה פיצוץ (מולטימיקס),103296
מכסה H2 לכוס נייר בינונית 12אוז 500 יח' בקרטון מיסטר קורן,102829
מכסה K2 לכוס נייר גדולה 16 אוז 500 יח' בקרטון מתאים מיסטר קורן,102794
מכסה M60 לגביע קינוחים 612 - 1740 יח' בקרטון PP,102319
"מכסה גבוה לקערה PET 500 קוטר 143 מ""מ - בי פרש 600 יח' בקרטון (נמכר בקרטון סגור)",103978
מכסה גביע לרוטב 100cc ארוז 100 יח' בשרוול 1000 יח' בקרטון FT71,104392
מכסה חד פעמי לבסקטה לגלידה פלסטיק - 135 יח' בקרטון,101320
מכסה כוס נייר מודפס 1 ליטר (H1),100125
מכסה כיפה  חצי 95  - 100 יח' בשרוול 1000 יח' בקרטון,104233
מכסה כיפה  לגביע קלאסיק מ.95 - 100 יח' 1000 יח בקרטון,100332
מכסה כיפה לכוס סולו 680  75 יח' בשרוול 900 יח' בקרטון,100603
מכסה כיפה לכוסות PLA מתכלה  600/450/300 - 1000 יחידות בקר',102045
מכסה כיפתי לכוס P350 + P500 יח' 2000 - 100 בשרוול - מתאים גם לכוס PET 215,100018
מכסה לכוס 180/107/200 (מכסה לגביע 1) 100יח',101115
מכסה לכוס PET 415 / 418 ג 95 שטוח- שחור - 50 יח',104405
מכסה לכוס ארומה / יהלום ג 95 שטוח- שחור - 100 יח',100303
"מכסה לכוס הולנד -350-250 - 78 מ""מ 50 יח' בשרוול (כיפה)",100127
מכסה לכוס יוגורט מתכלה 12+16 - 50 יח' בשרוול,100541
מכסה לכוס מולטימיקס 1000 יח' (20 בשרוול),102845
מכסה לכוס נייר 10 אוז מודפס מיסטר קורן 100 יח' בשרוול 40 שרוולים בקרטון,104159
מכסה לכוס נייר 12 אוז מודפס מיסטר קורן 100 יח' בשרוול 10 שרוולים  בקרטון,104160
"מכסה לכוס נייר 500/630 מ""ל B1 בשרוול 100 יח'",100293
מכסה לכוס קפה 10/12 אוז DC - A1H - יח' 100 לבן,100737
מכסה לכוס קפה 6 אוז 100 יח בשרוול (A3H),101564
מכסה לכוס קפה 8 אוז (פייפר) לבן 100 יח' בשרוול 1000 יח' בקר,103251
מכסה לכוס קפה 8 אוז DC לבן - יח' 100,100736
מכסה לכוס קפה 8 אוז DC שחור - 100 יח',101424
"מכסה לכוסות גלידה SDG גודל 81.5 מ""מ לכוס 80+95 16 שרוולים *50 יח' (800 בקרטון)",102682
"מכסה לכוסות גלידה SDG גודל 95 מ""מ לכוס 102+130+160+200 15שרוולים*60 יח (900 בקרטון)",102683
מכסה לקופסא 4.5/ 2.5 קג מלבנית,100301
"מכסה לקופסא מלבנית 2 ק""ג  להקפאה 405 יח' בקרטון",103300
מכסה לקערה  16 אוז דופן כפולה מודפס מיסטר קורן 50 יח' בשרוול 20 שרוולים בקרטון,104161
מכסה לקערת מרק/חומוס 500 סמק  300 יח בקרטון,102826
מכסה מוגבה  כוס 12 אוז ג'נרי 100 יח' בשרוול,100135
מכסה מוגבה לכוס נייר  ג'נרי 8/10 אוז - 100 יח',100022
מכסה מוגבה שקוף לבסקטה חד פעמית  צרה עמוקה  - 180 יח' בקרטון,102542
מכסה מוגבה שקוף לבסקטה חד פעמית רחבה שטוחה  - 100 יח' בקרטון,102543
מכסה פוליקרבונט 1/6,101594
מכסה פוליקרבונט 1/9,101732
מכסה שטוח 98 שחור 50 יח' בשרוול,101051
מכסה שטוח לכוס P350/500,100121
"מכסה שטוח לכוס נייר 330 סמ""ק A1-  100 יח בשרוול",100373
"מכסה שטוח לכוס פלסטיק 900 סמ""ק - 75 יח בשרוול 975 בקרטון",100805
מכסה שטוח שקוף לבסקטה לגלידה חד פעמית צרה עמוקה  180 יח בקרטון,103294
מכסה שקוף לגביע 4 אוז - 120 יח בשרוול 2400 יח בקרטון,100866
מכסה שקוף לגביע 5.5 אוז 2500 יח בקרטון 125 יח' בשרוול,102238
מכסה שקוף לכוס טעימה 1.25/1.0 אוז 125 יח' בשרוול 20 שרוולים בקרטון,104069
מכסה שקוף לרטבייה 1.5/2/2.5 אוז- 100 יח בשרוול H,100500
"מכשיר וופל בלגי - רולרגריל- בהשאלה בלבד, רכוש מתוק וטעים",100439
"מכשיר וופל בלגי על מקל - רולרגריל צרפת-בהשאלה בלבד, רכוש מתוק וטעים",102137
"מכשיר וופל ללא פלטות תוצרת גרמניה neumaiker - בהשאלה בלבד, רכוש מתוק וטעים",102732
"מלח 1 ק""ג 12 יח' בחבילה",102629
"מלח גס 25 ק""ג גביש C פרצל",103857
"מלח לימון דק אנהידרוס 1 ק""ג",102687
מלח לפופקורן,101449
מלח מנות 1000 יחי בקרטון,102612
"מלטודקסטרין 18-20 בשק 25 ק""ג",102833
"מלטיטול באבקה- 25 ק""ג",100478
מלקחיים בלו סטאר,100248
"ממרח אגוזי לוז 5 ק""ג בד""צ",101652
"ממרח חלבה 5 ק""ג",100998
ממרח לוטוס 400 גרם פרצל - 12 יחידות בקרטון,103858
"ממרח נוגט 5 ק""ג בד""צ בית יוסף",100764
"ממרח קרם אגוזי לוז - נוגטין פרווה בד""צ עדה חרדית 5 קג - טבעוני",102195
"ממרח קרם עוגיות לוטוס 5 ק""ג פרווה בד""ץ עדה חרדית",104177
"ממרח ריבת חלב 5 ק""ג - בדלי",100199
"ממרח שוקולד לבן 5 ק""ג- בד""ץ עדה החרדית",101664
מנשא זוגי לקפה ידית ארוכה 220 בקרטון - ג'ט לק,104162
מנשא זוגי לקפה ידית ארוכה 220 בקרטון - גלטו בוטיק טייבה,102249
מנשא זוגי לקפה ידית ארוכה 220 בקרטון - ונילה - עאדל שנאווי,103331
מנשא זוגי לקפה ידית ארוכה 220 בקרטון - פינת הגלידה,104091
מנשא זוגי לקפה ידית קצרה 250 בקרטון - אנדרי,104176
מנשא זוגי עם ידית ארוכה  220 יח- מודפס מיסטר קורן חדש,104192
מנשא זוגי עם ידית ארוכה  250 יח - מודפס יאמי קומפייר,104247
מנשא ל2 כוסות עם ידית ארוכה -  16 אוז (220 יח),100450
מסיר שומנים 4 ליטר,100001
מסכה KN95 להגנה מפני קורונה,104386
מעמד איטלקי לגביעים - 3 גביעים,101554
מעמד לגביעים (3 חורים),100434
מעמד למארזי קרפ צרפתי,100141
מפזר,100072
מפזר נירוסטה ראש רשת,100219
מפיות דיספנסר  6400 יח - אמיליה נתניה,102965
מפיות דיספנסר  6400 יח - ג'לטו פקטורי,103065
מפיות דיספנסר  6400 יח - ויקטורי,102309
מפיות דיספנסר  6400 יח - זיסלק,102114
מפיות דיספנסר  6400 יח - מודפס פיסטוק,103082
מפיות דיספנסר  6400 יח - מודפס שוקולטה,102950
מפיות דיספנסר  6400 יח - פינת הגלידה,100458
מפיות דיספנסר  8000 יח - ג'ט לק חדש (מטוס),104135
מפיות דיספנסר 6400 יח - גלידיס צמח,102198
מפיות דיספנסר 6400 יח - מודפס גלידה בלה-קיסריה,103886
מפיות דיספנסר 6400 יח - מודפס גלידו,102472
מפיות דיספנסר 6400 יח - מודפס יוגורט בר,102893
מפיות דיספנסר 6400 יח- אמיליה - דביר,101111
מפיות דיספנסר 6400 יח- בלוברי,101009
מפיות דיספנסר 6400 יח לה דולצ'ה ויטה,101545
מפיות דיספנסר 6400 יח- קרמריה (פרוטי),102447
מפיות דיספנסר 6400 יחידות- בתיאבון,100035
מפיות דיספנסר 6400 מודפס רגע מתוק/קפטן קרפ,104051
מפיות דיספנסר 8000 יח - ג'לידה (מ.צ.ג),104350
מפיות דיספנסר 8000 יח - מודפס ג'וליה (גלידה באר שבע),102663
מפיות דיספנסר 8000 יח - מודפס גלידה באר שבע,102662
מפיות דיספנסר 8000 יח - מודפס וניליה,103324
מפיות דיספנסר 8000 יח- בלוברי חדש,104126
מפיות דיספנסר 8000 יחידות - בתיאבון,104044
מפיות דיספנסר מודפס טיבולי - גלידה,101361
מפיות דיספנסר מודפס רגע מתוק,102290
מפיות דיספנסר מודפס רוביניק,102529
מפיות דיספנסר6400 - גלטו מיו/אדלה,102849
מפיות קוקטייל 5000 יחידות,100177
מפיות קוקטייל 5000 יחידות - מודפס דייזי,104225
מפית דיספנסר 6400 - קפרי (בננה בר)(קפרי),100528
מפית דיספנסר 6400 יח -  נוצולה,100659
מפית דיספנסר 6400 יח - סיציליאנית חדש,103836
מפית קוקטייל 5000 מודפס בי פרש -B FRESH,102914
מפית קוקטייל 5000 מודפס בלוברי - חדש,104127
מפית קוקטייל 5000 מודפס ג'ט לק,103048
מפית קוקטייל 5000 מודפס ג'לטו בוטיק - הדפסת שטח שחור,102240
מפית קוקטייל 5000 מודפס גלידו,102471
מפית קוקטייל 5000 מודפס גלידיס צמח,102194
מפית קוקטייל 5000 מודפס מיסטר קורן,102594
מפית קוקטייל 5000 מודפס קוקי קרים,102259
מפית קוקטייל מודפס YOGO  יוגו 5000 יח' בקר',101580
מפית קוקטייל מודפס אייס בר,100798
מפית קוקטייל מודפס גוט יוגורט  (אדוי),101035
מפית שמינית 2400 - מודפס so bing רשת שלג,103029
מפית שמינית 2400 - מודפס ארטיקו,103071
מפית שמינית 2400 - מודפס ג'ט לק - הדפסת שטח שחור,104204
מפית שמינית 2400 - מודפס ג'לטו בוטיק - הדפסת שטח שחור,102925
מפית שמינית 2400 - מודפס ג'לרטה - הדפסת שטח שחור,104208
מפית שמינית 2400 - מודפס פוטאטו סטאר,102986
מפית שמינית 2400 יח,200021
מפית שמינית 3000 יח' - מודפס זיסלק חדש - חד שכבתי,103232
מפית שמינית חד שכבתי - קרמרי,103909
מצקת,200028
מצקת לרוטב- מלמין שחור,102151
מצקת לשוקולד חם,100625
"מקופלת ורוד 1ק""ג- פירורים 10 יח' בקרטון (שוקו נטו)",104378
"מקופלת חום שלם - 5 ק""ג - עלית - בד""צ בית יוסף",101728
"מקופלת לבן  שלם (שוקו נטו) - 5 ק""ג",200036
"מקופלת לבן 1ק""ג- פירורים 10 יח' בקרטון (שוקו נטו)",200018
"מקופלת לבן שלם - 5 ק""ג - עלית - בד""צ בית יוסף",100556
מקופלת פירורים (מיקרו) עלית  2.5 קג לבן  בדץ עדה חרדית,102564
מקופלת פירורים (מיקרו) עלית 2.5 קג חלב בדץ עדה חרדית,102563
"מקופלת שחור 1 ק""ג- פירורים 10 יח' בקרטון (שוקו נטו)",200017
"מקופלת שחור שלם (שוקו נטו) - 5 ק""ג",200037
מקל הכנת קרפ נירוסטה קרמפיוז,101127
"מקל מטאטא 130 ס""מ (1517)",100852
מקל פריסה לקרפ צרפתי,200026
"מקלות ארטיק 9.3 ס""מ 65 יח' בחבילה - 100 חבילות בקרטון",104167
מקלות לארטיקים 50 יח' בחבילה,100986
מקלות עץ לסוכר 250 יח' בחבילה,100257
"מקצפת 45 ס""מ",101128
"מריר אקסטרה פרווה BABBI באבקה - 1.6 ק""ג 6 יחידות בקרטון - 14316 (cioccalato extra dark conpezzi)",103782
"מרק עגבניות עם ירקות 1 ק""ג  - קנור 5 יח' בקרטון",103222
"מרשמלו פיצפונים 1 ק""ג - 4 ק""ג בקרטון",100663
"מרשמלו פיצפונים צבעוני 1 ק""ג - 4 ק""ג בקרטון",104264
"משחת כלים בלי 18 ק""ג - סיוון",103859
משטח לגלידה,100024
משטח עץ,888888
מתקן נירוסטה למקל פריסה 12/24/8,101690
מתקן פרספקט לכפיות גלידה,100436
מתקן פרספקט לסוכריות,100437
מתקן רצפתי לגליל נייר תעשייתי,100133
נוזל לניקוי חלונות 4 ליטר,100064
ניילון נצמד 950/45,100299
ניילון נצמד פירות אורג 300/45,102236
ניילונים של קלקרים super polo,100691
נייר טואלט טישו 48 יח,100063
נייר ניגוב 1/6 - 1183 - כלנית/גלבוע,100040
נייר פרגמנט 15/20 - מודפס סיציליאנית 4000 יחדות,102077
נייר פרגמנט 20/20 - מודפס ג'ט לק 1000 יחידות,103052
נייר פרגמנט 30/40 - מודפס ג'לטו בוטיק 1000 יחידות,102944
נייר פרגמנט 30/40 - מודפס פוטאטו סטאר 1000 יח',102987
"נייר פרגמנט 35/45 ס""מ - ארוז 5 ק""ג",101436
נייר פרגמנט עמיד שומן 20/30 - מודפס מיסטר קורן 2000 יחידות,102587
נקניקיות טבעול מיני קוקטייל 6X680g  - פרצל (נמכר בקרטון סגור),103860
"נשיקות גדולות לבנות - 1 ק""ג בקרטון",102847
סבון כלים 4 ליטר,200033
סבון כלים 4 ליטר 18%,200065
סבון לידיים איכותי - 4 ליטר,200032
סבון לניקוי ריצפה 4 ליטר,200034
סוכר דמררה בצנצנת - סוגת 1 קג 8 יח' בקרטון נמכר בקרטון סגור,102232
סוכר חום מנות מרובע (1000 יח'),101471
"סוכר חום מקלות 1000 בקר' - כשל""פ",100154
"סוכר לבן ארוז 1 ק""ג (10 יח' בחבילה)",100356
סוכר לבן מנות מרובע (1000 יח'),100335
סוכר לבן מקלות 1000 בקר',100153
סוכר מנות מרובע חום 5 גרם 1000 יח בקרטון  - ממותג בית הפנקייק,103280
סוכר מנות מרובע לבן 5 גרם 1000 יח בקרטון  - ממותג בית הפנקייק,103279
"סוכר פיין דק 25 ק""ג - פרצל",103861
"סוכר שקים 25 ק""ג",100444
סוכרזית מנות,100150
"סוכריות גומי 1 ק""ג - בננה מסוכר - VIDAL",102057
"סוכריות גומי 1 ק""ג - בננה-כשר בד""ץ בית יוסף",101516
"סוכריות גומי 1 ק""ג - דובונים- VIDAL",102054
"סוכריות גומי 1 ק""ג - דובונים כשרות בד""ץ בית יוסף",100643
"סוכריות גומי 1 ק""ג - דובונים כשרות רבנות בלבד",104401
"סוכריות גומי 1 ק""ג - דובונים מסוכרים (בון בון חמוץ)כשר בית יוסף",101432
"סוכריות גומי 1 ק""ג - תות - VIDAL",102058
"סוכריות גומי 1 ק""ג - תותים-כשר בד""ץ בית יוסף",101433
סוכריות גומי נחשים-כשר רבנות,100710
"סוכריות מזרה - 6 ק""ג - צבע אדום",101327
"סוכריות מזרה - 6 ק""ג - צבע ירוק",101603
"סוכריות מזרה - 6 ק""ג - צבע כחול",101602
"סוכריות מזרה - 6 ק""ג - צבע לבן",101604
"סוכריות מזרה - 6 ק""ג - צבע סגול",103951
"סוכריות מזרה - 6 ק""ג - צבע צהוב",101606
"סוכריות מזרה - 6 ק""ג - שוקולד",101538
"סוכריות מזרה ארוכות צבעוניות - 1 ק""ג 6 יח' בקרטון",103953
סוכריות מזרה ללא צבעים מלאכותיים,102439
"סוכריות צבעוניות 1 ק""ג 10 יח' בקרטון",200015
"סוכריות שוקולד 1 ק""ג 10 יח' בקרטון",200016
סורבה אננס ANANAS SORBET - וניליה 1512,103770
סורבה אננס למסעדות - וניליה 6025,103819
סורבה ליים מסעדות LAIM REST - וניליה 6008,103777
סורבה לימון דוקטור לק - בסקטה צרה עמוקה 5 ליטר,104304
סורבה מנגו דוקטור לק - בסקטה צרה עמוקה 5 ליטר,104307
סורבה מנגו למסעדות - וניליה 6022,103798
סורבה פירות יער דוקטור לק - בסקטה צרה עמוקה 5 ליטר,104306
סורבה פירות יער למסעדות - וניליה 6006,103806
סורבה פסיפלורה דוקטור לק - בסקטה צרה עמוקה 5 ליטר,104298
סורבה פסיפלורה למסעדות - וניליה 6009,103805
סורבה קוקוס דוקטור לק - בסקטה צרה עמוקה 5 ליטר,104299
סורבה קוקוס למסעדות - וניליה 6023,103807
סורבה שוקולד למסעדות - וניליה 6000,103820
סורבה שוקולד מריר דוקטור לק - בסקטה צרה עמוקה 5 ליטר,104316
סורבה תות דוקטור לק - בסקטה צרה עמוקה 5 ליטר,104312
סורבה תות למסעדות - וניליה 6024,103799
"סחבה ""זיג זג"" לריצפה (0106)",100058
"סחבה מיקרופייבר איכותית 12 יח' בחבילה , 10 חבילות בקרטון (03024)",101019
"סילאן 5 ק""ג",100667
סינר חד פעמי 200 יח' בקרטון,100856
סיר שוקולד חם- 1 ליטר,100195
"סירופ גלוקוזה 25 ק""ג 85/42",101532
סירופ לברד אבטיח 4 ליטר (4 בקרטון),101417
סירופ לברד אננס 4 ליטר (4 בקרטון),101504
סירופ לברד לימון 4 ליטר (4 בקרטון),101503
סירופ לברד למבדה  4 ליטר (4 בקרטון),100266
סירופ לברד משמש 4 ליטר,101502
סירופ לברד ענבים 4 ליטר-אחווה/ סמדר (4 יח בקרטון ),101339
סירופ לברד תות שדה 4 ליטר אחווה (4 בקרטון),101474
"סירופ מייפל 5 ק""ג",200008
"סירופ מייפל 5 ק""ג מטע",100680
"סירופ מלבי 4 ליטר בד""צ עדה חרדית",104036
"סירופ ריבת חלב טופינג 5 ק""ג",100652
"סירופ ריבת חלב טופינג 5 ק""ג פוליבה",102870
"סירופ שוקולד 5 ק""ג",200007
"סירופ שוקולד 6.4 ק""ג מטע גלון חדש",100681
"סירופ שוקולד חלבי  5 ק""ג",101037
"סירופ תות -  5 ק""ג",101347
סכום ארוז 5 חלקים (500 יחידות),100217
סכין לבן (ארוז 100),100159
סכין שחור מהודר ארוז 100יחידות 1000 יח בקרטון,103128
סכין שקוף מהודר ארוז 100יחידות 1200 יח בקרטון,100285
"סנדביץ' אוראו 2 ק""ג עם מלית בד""ץ עדה חרדית",102352
ספטולה איטלקית - אדום קריסטל,101330
ספטולה איטלקית - כחול מט,102323
ספטולה איטלקית - לבנה מט,101333
ספטולה איטלקית - שחורה מט,101332
ספטולה איטלקית - שקופה,100626
ספירולינה קפואה (ארוז 100 יח' * 10 גרם) נמכר בקרטון סגור,104112
ספריי להברקת נירוסטה והגנה מפני חלודה,100975
סקופ - 16,101565
סקופ - 24,100023
סקופ קפיץ לגלידה  קוטר61 תוצרת איטליה מספר 16,102518
סקופ קפיץ לגלידה קוטר 28 תוצרת איטליה מספר 100,102510
סקופ קפיץ לגלידה קוטר 39 תוצרת איטליה מספר 50,102511
סקופ קפיץ לגלידה קוטר 42 תוצרת איטליה מספר 45,102512
סקופ קפיץ לגלידה קוטר 46 תוצרת איטליה מספר 36,102514
סקופ קפיץ לגלידה קוטר 49 תוצרת איטליה מספר 30,102515
סקופ קפיץ לגלידה קוטר 51 תוצרת איטליה מספר 24,102516
סקופ קפיץ לגלידה קוטר 56 תוצרת איטליה מספר 20,102517
סקופ קפיץ לגלידה קוטר 65 תוצרת איטליה מספר 12,102519
"עדשים 1 ק""ג בד""צ עדה חרדית 6 יח' בקרטון",100110
"עדשים 1 ק""ג חלבי - רבנות 10 יח' בקרטון",200040
"עוגיות אוראו 176 גר - בקרטון 12 יח' - 2.112 ק""ג",100131
"עוגיות בטעם אוראו בציפוי שוקולד חלב 1 ק""ג",104105
"עוגיות בטעם אוראו בציפוי שוקולד לבן 1 ק""ג",104107
"עוגיות בטעם לוטוס בציפוי שוקולד חלב 1 ק""ג",104104
"עוגיות בטעם לוטוס בציפוי שוקולד לבן 1 ק""ג",104106
"עוגיות בטעם לוטוס קרמל 4 ק""ג",102135
עוגיות בישקוטים 400 גרם 9 יח' בקרטון,100754
"עוגיות בציפוי שוקולד חלב 1 ק""ג",101020
"עוגיות בציפוי שוקולד חלב 1 ק""ג בד""צ עדה חרדית ארוז 6 ק""ג בקרטון",104089
"עוגיות בציפוי שוקולד לבן 1 ק""ג",101021
"עוגיות בציפוי שוקולד לבן 1 ק""ג בד""צ עדה חרדית ארוז 6 ק""ג בקרטון",104090
"עוגיות גרוסות שוקולד צ'יפס לבן 2 ק""ג",102547
"עוגיות לוטוס קרמל - ארוזים בנפרד 50 יח'- 1.875 ק""ג / 300 יחידות",100758
עוגיות לוטוס קרמל 250 גרם - 10 חב' בקרטון,100757
"עוגיות לוטוס קרמל 700 גרם - 7 חב' בקרטון - 4.9 ק""ג",103877
"עוגיות שלמות שוקולד צ'יפס לבן 2 ק""ג",102546
עמלת רשת,222222
"פודינג אינסטנט וניל 1 ק""ג",100647
"פולי קפה איכותי 1 ק""ג (DADAׂ)",100207
"פולי קקאו טבעי 1 ק""ג בי פרש",102344
"פוליגלידה 0.5 ק""ג - 100 יח'",100235
"פוליגלידה 1 ק""ג - 100 יח'",100236
"פולידקסטרוזה 25 ק""ג",100850
"פורמולה להכנת גלידה אמריקאית וניל פרווה - 1.150 ק""ג בקרטון 10 יחידות",100971
"פורמולה להכנת גלידה אמריקאית שוקו - קינדר פרווה - 1.150 ק""ג",100981
"פורמולה להכנת יוגורט 1.1 ק""ג בד""צ בית יוסף 10 בקרטון",102723
"פורמולה להכנת יוגורט 1.6 ק""ג בד""צ 8 בקרטון - גובאני",102282
"פורמולה להכנת יוגורט גורמה 2.210 ק""ג",100778
"פורמולה להכנת יוגורט מתוק חלבי י.כהן 1 ק""ג בד""צ עדה חרדית  10 בקרטון",102638
"פטל אדום שלם קפוא בד""צ חתם סופר פ""ת ארוז 2.5 ק""ג 4 שקיות בקרטון",103125
"פטל שחור שלם קפוא בד""צ חתם סופר פ""ת ארוז 10 ק""ג בקרטון סגור בלבד",104394
"פטל שחור שלם קפוא בד""צ חתם סופר פ""ת ארוז 2 ק""ג 5 שקיות בקרטון",103239
"פיטריות חתוכות A9 בד""צ 6 יח בקרטון",102597
פיסטוק קלוף שלם,100969
"פיפטות 3 מ""ל ארוז 500 יח' בחבילה 4 חבילות בקרטון",104241
"פלטה לקרפ צרפתי ראש בודד ג'נרי CEBPDA4RO- בהשאלה בלבד, רכוש מתוק וטעים",100170
"פלטה לקרפ צרפתי ראש בודד פרופשונל CEBIA4A0-בהשאלה בלבד, רכוש מתוק וטעים",102681
"פלטה לקרפ צרפתי ראש כפול-בהשאלה בלבד, רכוש מתוק וטעים",100438
"פלטה לקרפ צרפתי-ראש בודד-מתכת-דגם CEBIV4CO-בהשאלה בלבד,רכוש מתוק וטעים",101364
פלטות להחלפה למכשיר וופל עגול (ללא המכשיר עצמו) תוצרת גרמניה neumaiker,102735
פלטות להחלפה למכשיר וופל קוביות בודדות (ללא המכשיר עצמו) תוצרת גרמניה neumaiker,102733
פלטת הפיכה,200022
פלטת מריחה,200023
פלפל מנות 1000 יחי בקרטון,102613
"פלפל שאטה -צילי גרוס 1 ק""ג",102603
"פלפל שחור טחון 1 ק""ג",102602
"פניני שוקולד בטעם תות 3.5 ק""ג choco perle strawberry",103833
"פניני שוקולד חלב 3.5 ק""ג milk crispy choco",103327
"פניני שוקולד לבן 3.5 ק""ג white crispy choco",103328
"פניני שוקולד מריר 2.5 ק""ג dark crispy choco",102467
"פניני שוקולד מריר 3.5 ק""ג dark crispy choco",103920
"פניני שוקולד צבעוני  3.5 ק""ג mix colors crispy suc - ball 5",103240
פנקייק כשר לפסח - כשרות רבנות - 12 יח' בקרטון,101323
"פס הפרדה גסטרונום גלידה אורך 36 ס""מ-10 יח' בחב'",102142
"פסטה בבלגאם BABBI - בדלי 3 ק""ג- 4 יחידות בקרטון (Pasta bubble gum) - 12408",103793
"פסטה בוניסימו בואנו BABBI - בדלי 3 ק""ג- 4 יחידות בקרטון - 12343 (Pasta buonissimo)",103791
"פסטה ביאנקו שוקולד לבן BABBI - בדלי 3 ק""ג- 4 יחידות בקרטון - 20233(Pasta cioccolato bianco)",103784
"פסטה ביסקו ביסקוויט BABBI - בדלי 3 ק""ג- 4 יחידות בקרטון - 12490 (Pasta bisko)",103789
"פסטה בננה BABBI - בדלי 3 ק""ג- 4 יחידות בקרטון - 12613(Pasta banana)",103792
"פסטה דובדבני אמרנה 3 ק""ג 4 יח' בקרטון - 12608 (Pasta Amarena)
) BABBI",104365
"פסטה וניל אקסטרה נקודות BABBI - בדלי 3 ק""ג- 4 יחידות בקרטון - 12363 (Pasta vaniglia extra con semi)",103795
"פסטה חמאת בוטנים סופרמה BABBI - בדלי 3 ק""ג- 4 יחידות בקרטון - 12327(Pasta arachide superma)",103788
"פסטה כחולה אזורו BABBI - בדלי 3 ק""ג- 4 יחידות בקרטון - 12407 (Pasta azzurro)",103794
"פסטה לוז 100 דלוקס BABBI - בדלי 3 ק""ג- 4 יחידות בקרטון - 12412 (Pasta nocciola 100 de luxe)",103785
"פסטה מנטה 3 ק""ג 4 יח' בקרטון BABBI - 12402 (pasta menta)",104366
"פסטה מסולסלת 400 גרם 8 ק""ג בקרטון 20 שקיות בקרטון",102977
"פסטה מרנג 3 ק""ג 4 יח' בקרטון BABBI - 20218 (Pasta Meringata)",104370
"פסטה פיסטוק פרימיום BABBI - בדלי 3 ק""ג- 4 יחידות בקרטון - 12418",103796
"פסטה פנה כשל""פ 250 גרם  בקרטון 36 שקיות בקרטון",104371
"פסטה קוקוס BABBI - בדלי 3 ק""ג- 4 יחידות בקרטון - 12602(Pasta cocco)",103790
"פסטה קיס באצ'ו BABBI - בדלי 3 ק""ג- 4 יחידות בקרטון (Pasta kiss) - 12414",103787
"פסטה קרוקונטינו רום 3 ק""ג 4 יח' בקרטון BABBI - 20204 (pasta Pasta Croccantino al Rum)",104367
"פסטה קרם שמנת 3 ק""ג 4 יח' בקרטון BABBI - 12328 (Pasta Fior di Panna)",104369
"פסטה קרמל 3 ק""ג 4 יח' בקרטון - 12431 (Caramel Special) BABBI",104364
"פסיפלורה - פלטה קפוא בד""צ חתם סופר פ""ת ארוז 2 ק""ג 5 שקיות בקרטון",103273
"פקאן סיני 1 ק""ג (שלם) 12 יחי בקרטון",100118
"פקאן סיני גרוס 1 ק""ג 3 מ""מ 12 יח'",100526
פקאן סיני רבעים 12 יח' בקרטון,101456
"פקאן סיני רבעים 5-7 מ""מ בדץ העדה החרדית 6 יח' בקרטון",104352
"פרג פלסט-נייר הפרדה 24*33 ס""מ",100206
פרגמנט הגשה  1000 יח במארז  - מודפס קרמרי דלה אקלר,102821
פרוזן יוגורט טבעוני קפוא - טוטו קרמה 40 יח' בקרטון - נמכר בקרטון סגור,103873
פרוזן יוגורט ללא סוכר קפוא - טוטו קרמה 40 יח' בקרטון - נמכר בקרטון סגור,103874
פרוזן יוגורט קפוא - טוטו קרמה 40 יח' בקרטון - נמכר בקרטון סגור,103305
פרוקטוז 5 ליטר בגריקן - בי פרש,102704
"פרנצ' ונילה בד""צ",100779
"פתיבר וניל 1.75 ק""ג",100476
"צ'ורוס מיני 1 ק""ג 4-6 ס""מ 100-120 יח' (6 ק""ג בקרטון)",103308
"צ'ורוס עם חור למילוי 1 ק""ג 9-10 ס""מ 40-46 יח' (6 ק""ג בקרטון)",103307
"צ'ורוס קריספו 1 ק""ג 14-16 ס""מ 40-46 יח' (6 ק""ג בקרטון)",103306
"צימוקים בהיר 1 ק""ג",101065
"צימקאו צ'יפס חום - ארוז 1 ק""ג",100648
"ציפוי אגוזי לוז 1.5 ק""ג cremino hezelnut (F970)",104290
"ציפוי למון פאי 1.5 ק""ג(F363) cremino lemon pie",104286
"ציפוי עוגיות קרמל 1.5 ק""ג cremino speculoos (F630)",104289
"ציפוי פיסטוק סיציליאני 1.5 ק""ג(F971) cremino pistachio",104291
"ציפוי קרם שניט הדרים 1.5 ק""ג cremino creamschnitte citrus(F352)",104287
"ציפוי רד וולווט 1.5 ק""ג cremino red velvet (N932)",104288
"ציפוי שוקו בלונדי 1.5 ק""ג cremino choco white(F974)",104285
"ציפוי שוקולד מריר ספלנדיד 1.5 ק""ג F975)cremino choco dark)",104284
ציר קומפלט למכשיר קצפת מוסה (ונטיל),100617
צלחת אובלית מתכלה - 250 יח' בשרוול / 1000 יח' בקרטון,102626
"צלחת מתכלה מרובעת 10"" 10*50 יח בשרוול - 500 יחידות |בקרטון (25*25 ס""מ)",102479
"צלחת מתכלה מרובעת 10""/ 20 יח 600 יחידות בקרטון",102036
צלחת מתכלה עגולה -8.6 אינץ 500 יח בקרטון,102212
צלחת מתכלה עגולה -9.5 אינץ 500 יח בקרטון,100822
צלחת פלסטיק לבנה 9 אינץ - 50 בחבילה,100142
צלחת קלקר עגול 7 אינץ 1000 יח 0007,100264
צלחת קלקר עגול 9 אינץ 500 יח- 0009,100265
צמיג למשאית ניסן - KPS HS205 16PR 124/122M TL,104396
צץ רץ טישו 4000 / 1830,100037
"קוביות אבטיח קפוא בד""צ חתם סופר פ""ת ארוז 2 ק""ג 5 שקיות בקרטון",103297
"קוביות אננס קפוא בד""צ חתם סופר פ""ת  ארוז 10 ק""ג בקרטון",104406
"קוביות אננס קפוא בד""צ חתם סופר פ""ת  ארוז 2 ק""ג 5 שקיות בקרטון",103076
"קוביות מלון קפוא בד""צ חתם סופר פ""ת  ארוז 2 ק""ג 5 שקיות בקרטון",103126
"קוביות מנגו קפוא בד""צ חתם סופר פ""ת ארוז 2 ק""ג 5 שקיות בקרטון",103074
"קוביות פסיפלורה קפוא בד""צ בית יוסף ארוז 2 ק""ג 5 שקיות בקרטון",103086
"קופסא 4.5 ק""ג מלבנית",100300
"קופסא מלבנית 2 ק""ג  להקפאה  135 יח' בשק",103299
קופסת בייקרי  למקרון מצופה PE מודפס סיציליאנית 400 יח' בקרטון,103848
קופסת בייקרי חדש מצופה PE מודפס סיציליאנית ארוז 250 יח' בקרטון,103847
קופסת בייקרי מנה אישית כחול מצופה PE מודפס סיציליאנית - 500 יח' בקרטון,103846
"קוקוס לבן 1 ק""ג",200012
"קוקוס קלוי - שקרצי 1 ק""ג",103881
"קוקוס קלוי שקית שקופה (אלמנדוס)1 ק""ג",100577
"קורנפלקס מצופה שוקולד חלב 1 ק""ג",100806
"קורנפלקס מצופה שוקולד חלב 1 ק""ג - חתם סופר פ""ת",103838
"קורנפלקס מצופה שוקולד לבן 1 ק""ג",100642
"קורנפלקס מצופה שוקולד לבן 1 ק""ג - חתם סופר פ""ת",103839
"קטשופ בשקית 5.8 ק""ג * 3 יח' נמכר בקרטון סגור",102721
"קטשופ היינץ 13 ק""ג - פרצל",103862
"קיווי קפוא בד""צ חתם סופר פ""ת ארוז 2 ק""ג 5 שקיות בקרטון",103268
קילשוני עץ 1000 יחידות בחבילה,100250
קילשוני פלסטיק צבעוני 1000 יח' בחבילה 20 חבילות בקרטון,104203
קליבו ספליט מרובע - חלב 5 קג בשקית,100761
קליבו ספליט מרובע - מריר,100762
קלקר - דגי נוי - שחור 54*33*23,100452
קלקר גלידה 1 POLO גרם 500,100230
קלקר גלידה 1 POLO גרם 500 - ורוד 50 יח',101315
קלקר גלידה 1000 גרם ISO 4,100351
קלקר גלידה 3 POLO גרם 1000,100232
קלקר גלידה 3 SUPER POLO גרם 1000 - 90 בקרטון,100229
קלקר גלידה 4 POLO גרם 1500,102214
קלקר גלידה SUPER POLO 1  גרם 500 - ורוד אלדו 50 בקרטון,102855
קלקר גלידה מעוצב 2 SUPER POLO גרם 750 - 60 בקרטון,102328
קלקר גלידה מעוצב 3 SUPER POLO גרם 1000 - 60 בקרטון,102330
קלקר גלידה מעוצב SUPER POLO 0  גרם 350 - 60 בקרטון,102326
קלקר גלידה מעוצב SUPER POLO 1  גרם 500 - 60 בקרטון,102327
קלקר גלידה מעוצב SUPER POLO 1  ירוק  500 גרם 60 יח' בקרטון,104376
קלקר גלידה מעוצב SUPER POLO 1  שחור 500 גרם 60 יח' בקרטון,104372
קלקר גלידה מעוצב SUPER POLO 1 כתום 500 גרם 60 יח' בקרטון,104374
קלקר גלידה מעוצב SUPER POLO 3  ירוק 1000 גרם 60 יח' בקרטון,104377
קלקר גלידה מעוצב SUPER POLO 3  כתום 1000 גרם 60 יח' בקרטון,104375
קלקר גלידה מעוצב SUPER POLO 3  שחור 1000 גרם 60 יח' בקרטון,104373
קלקר גלידה מעוצב שחור  500 גרם EASYGEL ארוז 60 יח' בקרטון,104165
קלקר גלידה מעוצב שחור 1000 גרם EASYGEL ארוז 60 יח' בקרטון,104166
קלקר לעוגה עם ידית נשיאה 23X23 גובה 14 30 יח' בקרטון,100909
קלקר לעוגה עם ידית נשיאה 25X25 גובה 14 30 יח' בקרטון,100910
קלקר לעוגה עם ידית נשיאה 27X27 גובה 14 30 יח' בקרטון,100911
קערה 16 אוז דופן כפולה מודפס מיסטר קורן ארוז 500 בקרטון,104158
"קערה PET 350 שקופה (קר) קוטר 143 מ""מ - בי פרש 600 יח' בקרטון נמכר ב 150 יח' (0.25)",104393
"קערה PET 500 שקופה (קר) קוטר 143 מ""מ - בי פרש 600 יח' בקרטון (נמכר בקרטון סגור)",103977
"קערה PP 500 שחור (חם) קוטר 143 מ""מ - בי פרש 660 יח' בקרטון (נמכר בקרטון 220יח') להקליד 0.333",100908
"קערה מתכלה 680 מ""ל -  50 יח' בשרוול 500 בקרטון",104294
"קערית מתכלה 12 אוז ליוגורט- 350 מ""ל -  50 יח' בשרוול 500 בקרטון",100525
"קערית מתכלה 12 אוז ליוגורט 350 סמ""ק - מודפס YOGO",102041
"קערית מתכלה 12 אוז ליוגורט 350 סמ""ק - מודפס בלוברי",100983
"קערית מתכלה 12 אוז ליוגורט 350 סמ""ק - מודפס גלידיס",102261
"קערית מתכלה 16 אוז ליוגורט - 500 סמ""ק 500 יח' בקרטון מודפס זיסלק",102475
"קערית מתכלה 16 אוז ליוגורט - 500 סמ""ק מודפס YOGO",102042
"קערית מתכלה 16 אוז ליוגורט - 500 סמ""ק מודפס בלוברי",100984
"קערית מתכלה 16 אוז ליוגורט - 500 סמ""ק מודפס גלידיס",102262
"קערית מתכלה 16 אוז ליוגורט- 500 סמ""ק - 50 יח' בשרוול 1000 יח' בקרטון",100540
"קערית מתכלה 5 אוז ליוגורט- 140 סמ""ק - 50 יח'",100592
"קערית מתכלה 7 אוז ליוגורט- 200 סמ""ק - 50 יח' 1000 בקרטון",100524
"קערית מתכלה 7 אוז ליוגורט 200 סמ""ק - מודפס בלוברי",100982
"קערית מתכלה 8 אוז ליוגורט- 240 סמ""ק - 50 יח' 1000 בקרטון",100631
"קערית מתכלה 8 אוז ליוגורט 240 סמ""ק - מודפס YOGO 1000 יח בקרטון",102040
"קערית מתכלה 8 אוז ליוגורט 240 סמ""ק - מודפס גלידיס",102260
קפה נמס עלית,100281
"קפה שחור- 1 ק""ג",100337
"קרוטונים למרק 1 ק""ג 9 יח' בקרטון",103242
קרוקנט בוטנים 6 יח' בקרטון,100530
קרוקנט לוז 6 יח' בקרטון,100570
קרטון לפיצה 30 מרובע לבן ללא הדפסה 50 יח' 42 קשירות במשטח,103119
קרטון לפיצה 45 מרובע לבן ללא הדפסה 50 יח' 28 קשירות במשטח,103120
קרטון לצ'יפס 1000 יח' לבן (SCOOPY),102854
"קרטון פיצה 5 ק""ג",100036
"קרם בטעם וניל פטיסייר קלאסיק 10 ק""ג בד""צ עדה חרדית",104399
"קרם בטעם וניל קלאסיק 14 ק""ג בד""צ עדה חרדית",102954
"קרם קוקוס 20-22% תכולה 400 מ""ל 24 יח בקרטון",102208
"קרמינו אגוזי לוז 5 ק""ג(F970) cremino hezelnut",104281
"קרמינו בוניטו לואקר 5 ק""ג (N661)cremino bonito",104282
"קרמינו לוטוס קרמל 5 ק""ג(F630) cremino lotus speculoos",104280
"קרמינו למון פאי 5 ק""ג (F363) cremino lemon pie",104275
"קרמינו סניקרס בוטנים 5 ק""ג cremino snickers peanut (F972)",104277
"קרמינו פיסטוק סיציליאני 5 ק""ג(F971) cremino pistachio",104283
"קרמינו קרם שניט הדרים 5 ק""ג (F352)cremino creamschnitte citrus",104276
"קרמינו קרמל מלוח 5 ק""ג (F629)cremino salted caramel",104279
"קרמינו רד וולווט 5 ק""ג (N932)cremino red velvet",104278
"קרמינו שוקו בלונדי  5 ק""ג cremino choco white(F974)",104274
"קרמינו שוקולד מריר ספלנדיד 5 ק""ג cremino choco dark  (F975)",104273
"קש אדום עבה עטוף 7 מ""מ - 300 יח- 20 חב' בשק",103237
קש מתקפל 400 יחידות- כתום (30 בשק),102607
קש מתקפל 400 יחידות- צבעוני (30 בשק),100038
קש מתקפל 400 יחידות- שחור,100446
"קש עבה 7.5 מ""מ - כתום-400 יח'",100173
"קש עבה 7.5 מ""מ - שחור -400 יח' *20 בשק",100174
קש עבה אדום-קצפת-400 יח',102029
"קש עבה במיוחד 10 מ""מ צבעוני - 200 יח' בחבילה (20 חבילות בשק)",104403
קש עבה במיוחד שקוף עטוף 50 יח בשקית 100 חבילות בקרטון,102193
קש עבה ירוק,101454
"קש שחור עבה עטוף 7 מ""מ - 300 יח- 20 חב' בשק",102008
קשיו שלם מסוכר 12 יח' בקרטון,101066
"קשית חדה עבה קוטר 11 מ""מ עטופה בניילון-בי פרש 90 יח' בחב' סהכ 4500  יח' בקרטון",102784
"קשית חדה עובי 7 מ""מ עטופה בניילון-בי פרש 100 יח' בחב' סהכ 5000 יח' בקרטון",102783
"קשית עבה שקופה קוטר 11 מ""מ עטופה בניילון-ללא מיתוג 50 יח' בחב' סהכ 5000 יח' בקרטון",102788
"רוטב אלף האיים 5.1 ק""ג הלמנס",102562
"רוטב נפוליטנה 5 ק""ג קנור",103094
רוטב פיצה A10 טל רבנות - פרצל,103863
"רוטב פירות יער 2.5 ק""ג (בית יצחק)",101608
"רוטב פסיפלורה 2.5 ק""ג (בית יצחק)",102012
"רוטב צ'ילי חריף 6.5 ק""ג קנור",102561
"רוטב צ'ילי מתוק 6.2 ק""ג קנור",102560
"רוטב קרמל 2 ליטר - 2.5 ק""ג (6בקר')",101120
"רוטב שום 5.1 ק""ג הלמנס",102558
"רוטב שוקולד אגוזי לוז בד""צ - 5 ק""ג - crema di nocciola",101665
"רוטב שוקולד לבן קרנצ - בד""צ - 5 ק""ג bianco dolce di cocco",101666
"רוטב שזיפים 6.3 ק""ג קנור",102579
"רוטב תות שדה 2.5 ק""ג (בית יצחק)",101607
רחיצה חיצונית + פנימית - 201,102066
רחיצה לרכב מסחרי - 203,102067
רחיצה מסחרי דאבל פנימי + חיצוני - 209,102069
רחיצה מסחרי מיוחד - 206,102103
רחיצה משאית - 205,102068
"ריבת חלב 10 ק""ג - כשל""פ",100546
רינג לכוס - מודפס קרמרי דלה אקלר 500 יח בקרטון,102815
"רכז לימונדה טבעי לשתיה קפוא 2 ק""ג 6 יח' בקרטון חדש",104055
"שברי וופל מצופה שוקולד חלב בד""צ עדה חרדית ארוז 3.5 ק""ג בקרטון",104002
שום פרוס לבן,102616
"שומשום 1 ק""ג בדץ עדה חרדית - פרצל 10 ק""ג בקרטון",103865
שוקולד השחר - 500 גרם (ללא בונוס20%),100243
"שוקולד חם 5 ק""ג",100152
שוקולד נוטלה 1 קג 6 יחידות בקרטון,102610
"שוקולד נוטלה 3 ק""ג - 2 דליים בקרטון = 1 קרטון במשטח 84 קרטונים",102823
שוקולד נוטלה 750 גרם (12 יח) במשטח 64 קרטונים,200002
שוקולד נוטלה 825 גרם (12 יחידות במגש),104404
"שוקולד סטראצטלה מתקשה 3 ק""ג 4 יח' בקרטון BABBI -12421 (Copertura Fine (Stracciatella))",104368
"שוקולד צ'יפס לבן - ארוז 1 ק""ג",100649
שוקולד צ'יפס מריר - איכותי,100900
שוקולטה - פרווה,100200
שיבולת שועל דקה 500 גרם,102227
"שייק קפה - בי פרש 1.450 ק""ג",103905
"שיפוד עץ עגול 30 ס""מ אורך עבה במיוחד  - 50 יח' (0923)",102123
שלטים לגלידה,100662
שלטים לגלידה בצורת ענן,102731
"שמן קנולה 1 ליטר כשל""פ בית יוסף",102889
שמרים ברגומן כחול 500 גרם 20 שקיות בקרטון - פרצל,103866
שפכטל,200024
שקד שלם מסוכר 12 יח' בקרטון,100849
"שקדים פרוסים 1 ק""ג",100796
שקיות גופיה גדול - לבן,200027
שקיות גופיה קטן צבעוני בשק 60 חבילות,100039
שקית אל-בד קפל צד מידות 15*29*28 - מודפס זיסלק ארוז 300 יח' בקרטון,103910
שקית גופיה מודפס ויקטורי - 40 חבילות * 100יח בשק,102307
שקית גופיה מודפס מיסטר קורן - 200 שקיות בחבילה,103002
שקית זילוף חד פעמית 100 יח' בגליל,101495
שקית ניילון לקלקר 600 יח  מודפס קרמרי דלה אקלר,102820
שקית ניילון מודפס בי פרש - 600 יח בקרטון,102571
"שקית נייר 22/33 מס 14 ס""מ - 1000 יח' בקרטון מקט ספק 00167",102245
שקית נייר 24/50 1000יח,100274
"שקית נייר איטלקית לקלקר גלידה 450 יח' חומה-28/28 ס""מ תחתית 15 ס""מ",100364
שקית נייר חומה פלאפל קטן 15.2*16.5 2000 יח' בקרטון,102408
שקית נייר חצי בגט 1000 יח',101435
"שקית נייר לבנה לקלקר גלידה-28/28 ס""מ תחתית 15 ס""מ",100350
שקית נייר לחצי בגט - מודפס ביף בגט -  2000 יח',101524
שקית נייר לציפס - 2000 יח,101635
שקית נייר לקלקר גלידה T.A מודפס גלידה ג'לטו פקטורי - 300 יח,103067
שקית נייר לקלקר גלידה T.A מודפס וניליה - 250 יח',103325
שקית נייר לקלקר גלידה T.A מודפס יוגו - 300 יח YOGO,101618
שקית נייר לקלקר גלידה T.A מודפס סיציליאנית - 350 יח,104101
שקית נייר לקלקר גלידה מודפס ברלוסקוני- 300 יח,101722
שקית נייר לקלקר גלידה מודפס דייזי 250 יח',104227
שקית נייר לקלקר גלידה מודפס פרש פוינט- 250 יח,102026
שקית נייר לקלקר גלידה מודפס רוביניק - 250 יח,104237
שקית נייר מודפס מיסטר קורן - 300 יח,102592
שקית נייר עם ידית - מודפס ג'ט לק 300 יח,103053
שקית נייר עם ידית - מודפס ג'ט לק חדש 250 יח,104140
שקית נייר עם ידית - מודפס פוטאטו סטאר 300 יח,102989
שקית צלופן לוופל בינוני (מידה 8X27)  20 חבילות * 25 שקיות במארז - מודפס וניליה,103972
שקית צלופן לוופל גדול (מידה 8X32)  20 חבילות * 25 שקיות במארז - מודפס וניליה,103779
שקית צלופן לוופל קטן (מידה 8X22)  20 חבילות * 25 שקיות במארז - מודפס וניליה,103778
שקית שקילה 20*30,100273
"תאנים קפוא ללא כשרות ארוז 2 ק""ג 5 שקיות בקרטון",103274
"תבלין לפיצה 1 ק""ג בדץ עדה חרדית - פרצל",103868
תבנית נירוסטה 1/6/100 אקונומי,102710
תבנית פוליקרבונט 1/6/65,101593
תבנית פוליקרבונט 1/9/65,101731
תגית מיתוג  500 יח  - מודפס קרמרי דלה אקלר,102975
תה זהב וויצוסקי תיונים 8 יח בקרטון,102224
"תות שדה  לטחינה (25-35) קפוא בד""צ חתם סופר פ""ת ארוז 2 ק""ג 5 שקיות בקרטון",104033
"תות שדה (25-35) קפוא בד""צ חתם סופר פ""ת ארוז 2 ק""ג 5 שקיות בקרטון",103075
תיקון קצר / החלפת צמה,101317
תירס 24 יח' בקרטון A2 - פרצל,103869
תמצית  מי ורדים 1 ליטר,101061
תמצית וניל 1 ליטר 12 יח' בקרטון,200010
"תמצית קרולינה להכנת גלידה  1.5 ק""ג - בננה - כשל""פ",103944
"תמצית קרולינה להכנת גלידה  1.5 ק""ג - מסטיק",103828
"תמצית קרולינה להכנת גלידה  1.5 ק""ג - קרם שמיים",103829
תמצית רום 1 ליטר 12 יח' בקרטון,200011
"תמר שחור קפוא (חיאני) בד""צ עדה חרדית  ארוז 1 ק""ג 9 שקיות בקרטון",103333
תרכיז סיידר הגליל 330ml בזכוכית בי פרש,102346
תרסיס שמן - חמאה (12 יחידות בקרטון),100107
תרסיס שמן - קנולה (12 יחידות בקרטון),100111
"תרסיס שמן קנולה 200 גרם - בד""צ בית יוסף",104110
תשלום מזומן,666666
